pdb_id,chain,uniprot,pfam_acc,pfam_name,pfam_desc,start,end,clan_acc,clan_name
1a1f,A,,PF00096,"Zinc finger, C2H2 type","Zinc finger, C2H2 type",5,29,CL0361,C2H2-zf
1a1f,A,,PF00096,"Zinc finger, C2H2 type","Zinc finger, C2H2 type",35,57,CL0361,C2H2-zf
1a1f,A,,PF00096,"Zinc finger, C2H2 type","Zinc finger, C2H2 type",63,85,CL0361,C2H2-zf
1a1g,A,,PF00096,"Zinc finger, C2H2 type","Zinc finger, C2H2 type",5,29,CL0361,C2H2-zf
1a1g,A,,PF00096,"Zinc finger, C2H2 type","Zinc finger, C2H2 type",35,57,CL0361,C2H2-zf
1a1g,A,,PF00096,"Zinc finger, C2H2 type","Zinc finger, C2H2 type",63,85,CL0361,C2H2-zf
1a1h,A,,PF00096,"Zinc finger, C2H2 type","Zinc finger, C2H2 type",5,29,CL0361,C2H2-zf
1a1h,A,,PF00096,"Zinc finger, C2H2 type","Zinc finger, C2H2 type",35,57,CL0361,C2H2-zf
1a1h,A,,PF00096,"Zinc finger, C2H2 type","Zinc finger, C2H2 type",63,85,CL0361,C2H2-zf
1a1i,A,,PF00096,"Zinc finger, C2H2 type","Zinc finger, C2H2 type",5,29,CL0361,C2H2-zf
1a1i,A,,PF00096,"Zinc finger, C2H2 type","Zinc finger, C2H2 type",35,57,CL0361,C2H2-zf
1a1i,A,,PF00096,"Zinc finger, C2H2 type","Zinc finger, C2H2 type",63,85,CL0361,C2H2-zf
1a1j,A,,PF00096,"Zinc finger, C2H2 type","Zinc finger, C2H2 type",5,29,CL0361,C2H2-zf
1a1j,A,,PF00096,"Zinc finger, C2H2 type","Zinc finger, C2H2 type",35,57,CL0361,C2H2-zf
1a1j,A,,PF00096,"Zinc finger, C2H2 type","Zinc finger, C2H2 type",63,85,CL0361,C2H2-zf
1a1k,A,,PF00096,"Zinc finger, C2H2 type","Zinc finger, C2H2 type",5,29,CL0361,C2H2-zf
1a1k,A,,PF00096,"Zinc finger, C2H2 type","Zinc finger, C2H2 type",35,57,CL0361,C2H2-zf
1a1k,A,,PF00096,"Zinc finger, C2H2 type","Zinc finger, C2H2 type",63,85,CL0361,C2H2-zf
1a1l,A,,PF00096,"Zinc finger, C2H2 type","Zinc finger, C2H2 type",5,29,CL0361,C2H2-zf
1a1l,A,,PF00096,"Zinc finger, C2H2 type","Zinc finger, C2H2 type",35,57,CL0361,C2H2-zf
1a1l,A,,PF00096,"Zinc finger, C2H2 type","Zinc finger, C2H2 type",63,85,CL0361,C2H2-zf
1a66,A,,PF00554,Rel homology DNA-binding domain,Rel homology DNA-binding domain,15,175,CL0073,P53-like
1aay,A,,PF00096,"Zinc finger, C2H2 type","Zinc finger, C2H2 type",5,29,CL0361,C2H2-zf
1aay,A,,PF00096,"Zinc finger, C2H2 type","Zinc finger, C2H2 type",35,57,CL0361,C2H2-zf
1aay,A,,PF00096,"Zinc finger, C2H2 type","Zinc finger, C2H2 type",63,85,CL0361,C2H2-zf
1bc7,C,,PF00178,Ets-domain,Ets-domain,6,85,CL0123,HTH
1bc8,C,,PF00178,Ets-domain,Ets-domain,6,85,CL0123,HTH
1cdw,A,,PF00352,"Transcription factor TFIID (or TATA-binding protein, TBP)","Transcription factor TFIID (or TATA-binding protein, TBP)",4,86,CL0407,TBP-like
1cdw,A,,PF00352,"Transcription factor TFIID (or TATA-binding protein, TBP)","Transcription factor TFIID (or TATA-binding protein, TBP)",94,177,CL0407,TBP-like
1e3o,C,,PF00046,Homeodomain,Homeodomain,102,158,CL0123,HTH
1hry,A,,PF00505,HMG (high mobility group) box,HMG (high mobility group) box,5,73,CL0114,HMG-box
1hrz,A,,PF00505,HMG (high mobility group) box,HMG (high mobility group) box,5,73,CL0114,HMG-box
1j46,A,,PF00505,HMG (high mobility group) box,HMG (high mobility group) box,5,73,CL0114,HMG-box
1j47,A,,PF00505,HMG (high mobility group) box,HMG (high mobility group) box,5,73,CL0114,HMG-box
1jk1,A,,PF00096,"Zinc finger, C2H2 type","Zinc finger, C2H2 type",5,29,CL0361,C2H2-zf
1jk1,A,,PF00096,"Zinc finger, C2H2 type","Zinc finger, C2H2 type",35,57,CL0361,C2H2-zf
1jk1,A,,PF00096,"Zinc finger, C2H2 type","Zinc finger, C2H2 type",63,85,CL0361,C2H2-zf
1jk2,A,,PF00096,"Zinc finger, C2H2 type","Zinc finger, C2H2 type",5,29,CL0361,C2H2-zf
1jk2,A,,PF00096,"Zinc finger, C2H2 type","Zinc finger, C2H2 type",35,57,CL0361,C2H2-zf
1jk2,A,,PF00096,"Zinc finger, C2H2 type","Zinc finger, C2H2 type",63,85,CL0361,C2H2-zf
1lfu,P,,PF05920,Homeobox KN domain,Homeobox KN domain,20,59,CL0123,HTH
1lo1,A,,PF00105,"Double treble clef zinc finger, C4 type","Double treble clef zinc finger, C4 type",5,74,CL0839,Tbcl_zf
1mnn,A,,PF05224,NDT80 / PhoG like DNA-binding  family,NDT80 / PhoG like DNA-binding  family,105,334,CL0073,P53-like
1mse,C,,PF00249,Myb-like DNA-binding domain,Myb-like DNA-binding domain,4,50,CL0123,HTH
1mse,C,,PF00249,Myb-like DNA-binding domain,Myb-like DNA-binding domain,56,101,CL0123,HTH
1msf,C,,PF00249,Myb-like DNA-binding domain,Myb-like DNA-binding domain,4,50,CL0123,HTH
1msf,C,,PF00249,Myb-like DNA-binding domain,Myb-like DNA-binding domain,56,101,CL0123,HTH
1nk2,P,,PF00046,Homeodomain,Homeodomain,10,66,CL0123,HTH
1nk3,P,,PF00046,Homeodomain,Homeodomain,10,66,CL0123,HTH
1oct,C,,PF00046,Homeodomain,Homeodomain,97,153,CL0123,HTH
1skn,P,,PF03131,bZIP Maf transcription factor,bZIP Maf transcription factor,31,91,CL0018,bZIP
1tgh,A,,PF00352,"Transcription factor TFIID (or TATA-binding protein, TBP)","Transcription factor TFIID (or TATA-binding protein, TBP)",8,90,CL0407,TBP-like
1tgh,A,,PF00352,"Transcription factor TFIID (or TATA-binding protein, TBP)","Transcription factor TFIID (or TATA-binding protein, TBP)",98,181,CL0407,TBP-like
1ubd,C,,PF00096,"Zinc finger, C2H2 type","Zinc finger, C2H2 type",6,30,CL0361,C2H2-zf
1ubd,C,,PF00096,"Zinc finger, C2H2 type","Zinc finger, C2H2 type",35,57,CL0361,C2H2-zf
1ubd,C,,PF00096,"Zinc finger, C2H2 type","Zinc finger, C2H2 type",63,87,CL0361,C2H2-zf
1ubd,C,,PF00096,"Zinc finger, C2H2 type","Zinc finger, C2H2 type",93,117,CL0361,C2H2-zf
1vtn,C,,PF00250,Forkhead domain,Forkhead domain,2,88,CL0123,HTH
1yo5,C,,PF00178,Ets-domain,Ets-domain,12,94,CL0123,HTH
1yui,A,,PF09237,GAGA factor,GAGA factor,1,54,CL0361,C2H2-zf
1yuj,A,,PF09237,GAGA factor,GAGA factor,1,54,CL0361,C2H2-zf
1zaa,C,,PF00096,"Zinc finger, C2H2 type","Zinc finger, C2H2 type",5,29,CL0361,C2H2-zf
1zaa,C,,PF00096,"Zinc finger, C2H2 type","Zinc finger, C2H2 type",35,57,CL0361,C2H2-zf
1zaa,C,,PF00096,"Zinc finger, C2H2 type","Zinc finger, C2H2 type",63,85,CL0361,C2H2-zf
1zq3,P,,PF00046,Homeodomain,Homeodomain,3,59,CL0123,HTH
2a66,A,,PF00105,"Double treble clef zinc finger, C4 type","Double treble clef zinc finger, C4 type",10,79,CL0839,Tbcl_zf
2etw,A,,PF05224,NDT80 / PhoG like DNA-binding  family,NDT80 / PhoG like DNA-binding  family,110,339,CL0073,P53-like
2euv,A,,PF05224,NDT80 / PhoG like DNA-binding  family,NDT80 / PhoG like DNA-binding  family,110,339,CL0073,P53-like
2euw,A,,PF05224,NDT80 / PhoG like DNA-binding  family,NDT80 / PhoG like DNA-binding  family,110,339,CL0073,P53-like
2eux,A,,PF05224,NDT80 / PhoG like DNA-binding  family,NDT80 / PhoG like DNA-binding  family,110,339,CL0073,P53-like
2euz,A,,PF05224,NDT80 / PhoG like DNA-binding  family,NDT80 / PhoG like DNA-binding  family,110,339,CL0073,P53-like
2evf,A,,PF05224,NDT80 / PhoG like DNA-binding  family,NDT80 / PhoG like DNA-binding  family,110,339,CL0073,P53-like
2evg,A,,PF05224,NDT80 / PhoG like DNA-binding  family,NDT80 / PhoG like DNA-binding  family,110,339,CL0073,P53-like
2evh,A,,PF05224,NDT80 / PhoG like DNA-binding  family,NDT80 / PhoG like DNA-binding  family,110,339,CL0073,P53-like
2evi,A,,PF05224,NDT80 / PhoG like DNA-binding  family,NDT80 / PhoG like DNA-binding  family,110,339,CL0073,P53-like
2evj,A,,PF05224,NDT80 / PhoG like DNA-binding  family,NDT80 / PhoG like DNA-binding  family,110,339,CL0073,P53-like
2ff0,A,,PF00105,"Double treble clef zinc finger, C4 type","Double treble clef zinc finger, C4 type",2,71,CL0839,Tbcl_zf
2glo,A,,PF09607,Brinker DNA-binding domain,Brinker DNA-binding domain,1,58,CL0123,HTH
2gzk,A,,PF00505,HMG (high mobility group) box,HMG (high mobility group) box,5,73,CL0114,HMG-box
2gzk,A,,PF00505,HMG (high mobility group) box,HMG (high mobility group) box,89,157,CL0114,HMG-box
2hdc,A,,PF00250,Forkhead domain,Forkhead domain,1,87,CL0123,HTH
2jp9,A,,PF00096,"Zinc finger, C2H2 type","Zinc finger, C2H2 type",37,61,CL0361,C2H2-zf
2jp9,A,,PF00096,"Zinc finger, C2H2 type","Zinc finger, C2H2 type",67,89,CL0361,C2H2-zf
2jp9,A,,PF00096,"Zinc finger, C2H2 type","Zinc finger, C2H2 type",95,119,CL0361,C2H2-zf
2jpa,A,,PF00096,"Zinc finger, C2H2 type","Zinc finger, C2H2 type",37,61,CL0361,C2H2-zf
2jpa,A,,PF00096,"Zinc finger, C2H2 type","Zinc finger, C2H2 type",67,89,CL0361,C2H2-zf
2jpa,A,,PF00096,"Zinc finger, C2H2 type","Zinc finger, C2H2 type",95,119,CL0361,C2H2-zf
2ko0,A,,PF05485,THAP domain,THAP domain,5,81,,
2l1g,A,,PF05485,THAP domain,THAP domain,5,81,,
2ld5,A,,PF00046,Homeodomain,Homeodomain,6,62,CL0123,HTH
2lef,A,,PF00505,HMG (high mobility group) box,HMG (high mobility group) box,3,71,CL0114,HMG-box
2lkx,A,,PF00046,Homeodomain,Homeodomain,4,60,CL0123,HTH
2me6,A,,PF00046,Homeodomain,Homeodomain,8,64,CL0123,HTH
2oeh,A,,PF01388,ARID/BRIGHT DNA binding domain,ARID/BRIGHT DNA binding domain,3,89,CL0123,HTH
2prt,A,,PF00096,"Zinc finger, C2H2 type","Zinc finger, C2H2 type",37,61,CL0361,C2H2-zf
2prt,A,,PF00096,"Zinc finger, C2H2 type","Zinc finger, C2H2 type",67,89,CL0361,C2H2-zf
2prt,A,,PF00096,"Zinc finger, C2H2 type","Zinc finger, C2H2 type",95,119,CL0361,C2H2-zf
2stt,A,,PF00178,Ets-domain,Ets-domain,17,96,CL0123,HTH
2stw,A,,PF00178,Ets-domain,Ets-domain,17,96,CL0123,HTH
2wbs,A,,PF00096,"Zinc finger, C2H2 type","Zinc finger, C2H2 type",6,30,CL0361,C2H2-zf
2wbs,A,,PF00096,"Zinc finger, C2H2 type","Zinc finger, C2H2 type",36,60,CL0361,C2H2-zf
2wbs,A,,PF00096,"Zinc finger, C2H2 type","Zinc finger, C2H2 type",66,88,CL0361,C2H2-zf
2wbu,A,,PF00096,"Zinc finger, C2H2 type","Zinc finger, C2H2 type",7,31,CL0361,C2H2-zf
2wbu,A,,PF00096,"Zinc finger, C2H2 type","Zinc finger, C2H2 type",37,61,CL0361,C2H2-zf
2wbu,A,,PF00096,"Zinc finger, C2H2 type","Zinc finger, C2H2 type",67,89,CL0361,C2H2-zf
2xsd,C,,PF00046,Homeodomain,Homeodomain,100,156,CL0123,HTH
3brg,C,,PF09270,Beta-trefoil DNA-binding domain,Beta-trefoil DNA-binding domain,185,307,CL0066,Trefoil
3brg,C,,PF09271,"LAG1, DNA binding","LAG1, DNA binding",27,157,CL0073,P53-like
3brg,C,,PF20144,TIG domain,TIG domain,333,423,CL0159,E-set
3c2i,A,,PF01429,Methyl-CpG binding domain,Methyl-CpG binding domain,15,86,CL0081,MBD-like
3cmy,A,,PF00046,Homeodomain,Homeodomain,3,59,CL0123,HTH
3co6,C,,PF00250,Forkhead domain,Forkhead domain,11,99,CL0123,HTH
3exl,A,,PF00870,P53 DNA-binding domain,P53 DNA-binding domain,1,191,CL0073,P53-like
3f27,D,,PF00505,HMG (high mobility group) box,HMG (high mobility group) box,7,75,CL0114,HMG-box
3iag,C,,PF09270,Beta-trefoil DNA-binding domain,Beta-trefoil DNA-binding domain,180,302,CL0066,Trefoil
3iag,C,,PF09271,"LAG1, DNA binding","LAG1, DNA binding",22,152,CL0073,P53-like
3iag,C,,PF20144,TIG domain,TIG domain,328,418,CL0159,E-set
3jtg,A,,PF00178,Ets-domain,Ets-domain,6,87,CL0123,HTH
3l2c,A,,PF00250,Forkhead domain,Forkhead domain,24,110,CL0123,HTH
3lnq,A,,PF00046,Homeodomain,Homeodomain,1,56,CL0123,HTH
3u2b,C,,PF00505,HMG (high mobility group) box,HMG (high mobility group) box,3,71,CL0114,HMG-box
3ukg,A,,PF00249,Myb-like DNA-binding domain,Myb-like DNA-binding domain,1,52,CL0123,HTH
3vd6,C,,PF00320,GATA zinc finger,GATA zinc finger,5,39,CL0839,Tbcl_zf
3vd6,C,,PF00320,GATA zinc finger,GATA zinc finger,59,93,CL0839,Tbcl_zf
3zp5,A,,PF00178,Ets-domain,Ets-domain,9,88,CL0123,HTH
4bnc,A,,PF00178,Ets-domain,Ets-domain,13,92,CL0123,HTH
4euw,A,,PF00505,HMG (high mobility group) box,HMG (high mobility group) box,30,98,CL0114,HMG-box
4gfb,A,,PF00249,Myb-like DNA-binding domain,Myb-like DNA-binding domain,30,81,CL0123,HTH
4gzn,C,,PF00096,"Zinc finger, C2H2 type","Zinc finger, C2H2 type",5,27,CL0361,C2H2-zf
4gzn,C,,PF00096,"Zinc finger, C2H2 type","Zinc finger, C2H2 type",34,55,CL0361,C2H2-zf
4hc9,A,,PF00320,GATA zinc finger,GATA zinc finger,8,42,CL0839,Tbcl_zf
4hc9,A,,PF00320,GATA zinc finger,GATA zinc finger,62,96,CL0839,Tbcl_zf
4hca,A,,PF00320,GATA zinc finger,GATA zinc finger,8,42,CL0839,Tbcl_zf
4hca,A,,PF00320,GATA zinc finger,GATA zinc finger,62,96,CL0839,Tbcl_zf
4iri,A,,PF00178,Ets-domain,Ets-domain,36,115,CL0123,HTH
4m9e,A,,PF00096,"Zinc finger, C2H2 type","Zinc finger, C2H2 type",5,29,CL0361,C2H2-zf
4m9e,A,,PF00096,"Zinc finger, C2H2 type","Zinc finger, C2H2 type",35,59,CL0361,C2H2-zf
4m9e,A,,PF00096,"Zinc finger, C2H2 type","Zinc finger, C2H2 type",65,87,CL0361,C2H2-zf
4mhg,A,,PF00178,Ets-domain,Ets-domain,12,92,CL0123,HTH
4r2a,A,,PF00096,"Zinc finger, C2H2 type","Zinc finger, C2H2 type",9,33,CL0361,C2H2-zf
4r2a,A,,PF00096,"Zinc finger, C2H2 type","Zinc finger, C2H2 type",39,61,CL0361,C2H2-zf
4r2a,A,,PF00096,"Zinc finger, C2H2 type","Zinc finger, C2H2 type",67,89,CL0361,C2H2-zf
4r2c,A,,PF00096,"Zinc finger, C2H2 type","Zinc finger, C2H2 type",9,33,CL0361,C2H2-zf
4r2c,A,,PF00096,"Zinc finger, C2H2 type","Zinc finger, C2H2 type",39,61,CL0361,C2H2-zf
4r2c,A,,PF00096,"Zinc finger, C2H2 type","Zinc finger, C2H2 type",67,89,CL0361,C2H2-zf
4r2d,A,,PF00096,"Zinc finger, C2H2 type","Zinc finger, C2H2 type",9,33,CL0361,C2H2-zf
4r2d,A,,PF00096,"Zinc finger, C2H2 type","Zinc finger, C2H2 type",39,61,CL0361,C2H2-zf
4r2d,A,,PF00096,"Zinc finger, C2H2 type","Zinc finger, C2H2 type",67,89,CL0361,C2H2-zf
4r2e,A,,PF00096,"Zinc finger, C2H2 type","Zinc finger, C2H2 type",9,33,CL0361,C2H2-zf
4r2e,A,,PF00096,"Zinc finger, C2H2 type","Zinc finger, C2H2 type",39,61,CL0361,C2H2-zf
4r2e,A,,PF00096,"Zinc finger, C2H2 type","Zinc finger, C2H2 type",67,91,CL0361,C2H2-zf
4r2p,A,,PF00096,"Zinc finger, C2H2 type","Zinc finger, C2H2 type",9,33,CL0361,C2H2-zf
4r2p,A,,PF00096,"Zinc finger, C2H2 type","Zinc finger, C2H2 type",39,61,CL0361,C2H2-zf
4r2p,A,,PF00096,"Zinc finger, C2H2 type","Zinc finger, C2H2 type",67,91,CL0361,C2H2-zf
4r2q,A,,PF00096,"Zinc finger, C2H2 type","Zinc finger, C2H2 type",9,33,CL0361,C2H2-zf
4r2q,A,,PF00096,"Zinc finger, C2H2 type","Zinc finger, C2H2 type",39,61,CL0361,C2H2-zf
4r2q,A,,PF00096,"Zinc finger, C2H2 type","Zinc finger, C2H2 type",67,91,CL0361,C2H2-zf
4r2r,A,,PF00096,"Zinc finger, C2H2 type","Zinc finger, C2H2 type",9,33,CL0361,C2H2-zf
4r2r,A,,PF00096,"Zinc finger, C2H2 type","Zinc finger, C2H2 type",39,61,CL0361,C2H2-zf
4r2r,A,,PF00096,"Zinc finger, C2H2 type","Zinc finger, C2H2 type",67,91,CL0361,C2H2-zf
4r2s,A,,PF00096,"Zinc finger, C2H2 type","Zinc finger, C2H2 type",9,33,CL0361,C2H2-zf
4r2s,A,,PF00096,"Zinc finger, C2H2 type","Zinc finger, C2H2 type",39,61,CL0361,C2H2-zf
4r2s,A,,PF00096,"Zinc finger, C2H2 type","Zinc finger, C2H2 type",67,91,CL0361,C2H2-zf
4s2q,D,,PF00505,HMG (high mobility group) box,HMG (high mobility group) box,3,71,CL0114,HMG-box
4uno,A,,PF00178,Ets-domain,Ets-domain,7,86,CL0123,HTH
4x9j,A,,PF00096,"Zinc finger, C2H2 type","Zinc finger, C2H2 type",4,28,CL0361,C2H2-zf
4x9j,A,,PF00096,"Zinc finger, C2H2 type","Zinc finger, C2H2 type",34,56,CL0361,C2H2-zf
4x9j,A,,PF00096,"Zinc finger, C2H2 type","Zinc finger, C2H2 type",62,84,CL0361,C2H2-zf
4yo2,A,,PF02319,E2F/DP family winged-helix DNA-binding domain,E2F/DP family winged-helix DNA-binding domain,5,73,CL0123,HTH
4yo2,A,,PF02319,E2F/DP family winged-helix DNA-binding domain,E2F/DP family winged-helix DNA-binding domain,153,232,CL0123,HTH
5bt2,A,,PF01429,Methyl-CpG binding domain,Methyl-CpG binding domain,15,86,CL0081,MBD-like
5egb,A,,PF00096,"Zinc finger, C2H2 type","Zinc finger, C2H2 type",6,28,CL0361,C2H2-zf
5egb,A,,PF00096,"Zinc finger, C2H2 type","Zinc finger, C2H2 type",34,56,CL0361,C2H2-zf
5egb,A,,PF00096,"Zinc finger, C2H2 type","Zinc finger, C2H2 type",62,84,CL0361,C2H2-zf
5egb,A,,PF00096,"Zinc finger, C2H2 type","Zinc finger, C2H2 type",90,112,CL0361,C2H2-zf
5egb,A,,PF00096,"Zinc finger, C2H2 type","Zinc finger, C2H2 type",118,140,CL0361,C2H2-zf
5gzb,A,,PF01285,TEA/ATTS domain,TEA/ATTS domain,7,76,CL0123,HTH
5k5h,A,,PF00096,"Zinc finger, C2H2 type","Zinc finger, C2H2 type",95,118,CL0361,C2H2-zf
5k5i,A,,PF00096,"Zinc finger, C2H2 type","Zinc finger, C2H2 type",65,88,CL0361,C2H2-zf
5k5j,A,,PF00096,"Zinc finger, C2H2 type","Zinc finger, C2H2 type",65,88,CL0361,C2H2-zf
5ke6,A,,PF00096,"Zinc finger, C2H2 type","Zinc finger, C2H2 type",10,34,CL0361,C2H2-zf
5ke6,A,,PF00096,"Zinc finger, C2H2 type","Zinc finger, C2H2 type",40,64,CL0361,C2H2-zf
5ke6,A,,PF00096,"Zinc finger, C2H2 type","Zinc finger, C2H2 type",70,92,CL0361,C2H2-zf
5ke7,A,,PF00096,"Zinc finger, C2H2 type","Zinc finger, C2H2 type",10,34,CL0361,C2H2-zf
5ke7,A,,PF00096,"Zinc finger, C2H2 type","Zinc finger, C2H2 type",40,64,CL0361,C2H2-zf
5ke7,A,,PF00096,"Zinc finger, C2H2 type","Zinc finger, C2H2 type",70,92,CL0361,C2H2-zf
5ke8,A,,PF00096,"Zinc finger, C2H2 type","Zinc finger, C2H2 type",10,34,CL0361,C2H2-zf
5ke8,A,,PF00096,"Zinc finger, C2H2 type","Zinc finger, C2H2 type",40,64,CL0361,C2H2-zf
5ke8,A,,PF00096,"Zinc finger, C2H2 type","Zinc finger, C2H2 type",70,92,CL0361,C2H2-zf
5ke9,A,,PF00096,"Zinc finger, C2H2 type","Zinc finger, C2H2 type",10,34,CL0361,C2H2-zf
5ke9,A,,PF00096,"Zinc finger, C2H2 type","Zinc finger, C2H2 type",40,64,CL0361,C2H2-zf
5ke9,A,,PF00096,"Zinc finger, C2H2 type","Zinc finger, C2H2 type",70,92,CL0361,C2H2-zf
5kea,A,,PF00096,"Zinc finger, C2H2 type","Zinc finger, C2H2 type",10,34,CL0361,C2H2-zf
5kea,A,,PF00096,"Zinc finger, C2H2 type","Zinc finger, C2H2 type",40,64,CL0361,C2H2-zf
5kea,A,,PF00096,"Zinc finger, C2H2 type","Zinc finger, C2H2 type",70,92,CL0361,C2H2-zf
5keb,A,,PF00096,"Zinc finger, C2H2 type","Zinc finger, C2H2 type",10,34,CL0361,C2H2-zf
5keb,A,,PF00096,"Zinc finger, C2H2 type","Zinc finger, C2H2 type",40,64,CL0361,C2H2-zf
5keb,A,,PF00096,"Zinc finger, C2H2 type","Zinc finger, C2H2 type",70,92,CL0361,C2H2-zf
5kl2,A,,PF00096,"Zinc finger, C2H2 type","Zinc finger, C2H2 type",9,33,CL0361,C2H2-zf
5kl2,A,,PF00096,"Zinc finger, C2H2 type","Zinc finger, C2H2 type",39,61,CL0361,C2H2-zf
5kl2,A,,PF00096,"Zinc finger, C2H2 type","Zinc finger, C2H2 type",67,91,CL0361,C2H2-zf
5kl3,A,,PF00096,"Zinc finger, C2H2 type","Zinc finger, C2H2 type",9,33,CL0361,C2H2-zf
5kl3,A,,PF00096,"Zinc finger, C2H2 type","Zinc finger, C2H2 type",39,61,CL0361,C2H2-zf
5kl3,A,,PF00096,"Zinc finger, C2H2 type","Zinc finger, C2H2 type",67,91,CL0361,C2H2-zf
5kl5,A,,PF00096,"Zinc finger, C2H2 type","Zinc finger, C2H2 type",9,33,CL0361,C2H2-zf
5kl5,A,,PF00096,"Zinc finger, C2H2 type","Zinc finger, C2H2 type",39,61,CL0361,C2H2-zf
5kl5,A,,PF00096,"Zinc finger, C2H2 type","Zinc finger, C2H2 type",67,91,CL0361,C2H2-zf
5kl6,A,,PF00096,"Zinc finger, C2H2 type","Zinc finger, C2H2 type",9,33,CL0361,C2H2-zf
5kl6,A,,PF00096,"Zinc finger, C2H2 type","Zinc finger, C2H2 type",39,61,CL0361,C2H2-zf
5kl6,A,,PF00096,"Zinc finger, C2H2 type","Zinc finger, C2H2 type",67,91,CL0361,C2H2-zf
5kl7,A,,PF00096,"Zinc finger, C2H2 type","Zinc finger, C2H2 type",9,33,CL0361,C2H2-zf
5kl7,A,,PF00096,"Zinc finger, C2H2 type","Zinc finger, C2H2 type",39,61,CL0361,C2H2-zf
5kl7,A,,PF00096,"Zinc finger, C2H2 type","Zinc finger, C2H2 type",67,91,CL0361,C2H2-zf
5l0m,A,,PF00105,"Double treble clef zinc finger, C4 type","Double treble clef zinc finger, C4 type",9,78,CL0839,Tbcl_zf
5nnx,A,,PF01285,TEA/ATTS domain,TEA/ATTS domain,1,70,CL0123,HTH
5wx9,A,,PF00847,AP2 domain,AP2 domain,13,65,CL0081,MBD-like
5z6z,A,,PF00046,Homeodomain,Homeodomain,20,76,CL0123,HTH
5z6z,A,,PF00046,Homeodomain,Homeodomain,95,149,CL0123,HTH
5zfw,A,,PF00046,Homeodomain,Homeodomain,20,76,CL0123,HTH
5zfw,A,,PF00046,Homeodomain,Homeodomain,95,149,CL0123,HTH
5zfy,A,,PF00046,Homeodomain,Homeodomain,20,76,CL0123,HTH
5zfy,A,,PF00046,Homeodomain,Homeodomain,95,149,CL0123,HTH
5zfz,A,,PF00046,Homeodomain,Homeodomain,20,76,CL0123,HTH
5zfz,A,,PF00046,Homeodomain,Homeodomain,95,149,CL0123,HTH
6ako,C,,PF00250,Forkhead domain,Forkhead domain,3,88,CL0123,HTH
6akp,C,,PF00250,Forkhead domain,Forkhead domain,3,88,CL0123,HTH
6blw,A,,PF00096,"Zinc finger, C2H2 type","Zinc finger, C2H2 type",37,61,CL0361,C2H2-zf
6blw,A,,PF00096,"Zinc finger, C2H2 type","Zinc finger, C2H2 type",67,89,CL0361,C2H2-zf
6blw,A,,PF00096,"Zinc finger, C2H2 type","Zinc finger, C2H2 type",98,122,CL0361,C2H2-zf
6e8c,A,,PF00046,Homeodomain,Homeodomain,6,62,CL0123,HTH
6e8c,A,,PF00046,Homeodomain,Homeodomain,81,135,CL0123,HTH
6j4e,B,,PF03106,WRKY DNA -binding domain,WRKY DNA -binding domain,12,68,CL0274,WRKY-GCM1
6j4g,B,,PF03106,WRKY DNA -binding domain,WRKY DNA -binding domain,8,64,CL0274,WRKY-GCM1
6lbm,C,,PF00250,Forkhead domain,Forkhead domain,3,88,CL0123,HTH
6ldm,A,,PF00249,Myb-like DNA-binding domain,Myb-like DNA-binding domain,54,105,CL0123,HTH
6lmr,A,,PF00313,'Cold-shock' DNA-binding domain,'Cold-shock' DNA-binding domain,32,101,CL0021,OB
6m3d,C,,PF00046,Homeodomain,Homeodomain,24,80,CL0123,HTH
6m3d,C,,PF00046,Homeodomain,Homeodomain,89,145,CL0123,HTH
6nce,A,,PF00250,Forkhead domain,Forkhead domain,3,90,CL0123,HTH
6ogk,A,,PF01429,Methyl-CpG binding domain,Methyl-CpG binding domain,15,86,CL0081,MBD-like
6pax,A,,PF00292,'Paired box' domain,'Paired box' domain,1,125,CL0123,HTH
6u81,A,,PF00046,Homeodomain,Homeodomain,2,58,CL0123,HTH
6u81,A,,PF00046,Homeodomain,Homeodomain,77,131,CL0123,HTH
6u9q,A,,PF00096,"Zinc finger, C2H2 type","Zinc finger, C2H2 type",17,39,CL0361,C2H2-zf
6u9q,A,,PF00096,"Zinc finger, C2H2 type","Zinc finger, C2H2 type",75,98,CL0361,C2H2-zf
6vtx,A,,PF00096,"Zinc finger, C2H2 type","Zinc finger, C2H2 type",1,25,CL0361,C2H2-zf
6vtx,A,,PF00096,"Zinc finger, C2H2 type","Zinc finger, C2H2 type",31,55,CL0361,C2H2-zf
6vtx,A,,PF00096,"Zinc finger, C2H2 type","Zinc finger, C2H2 type",61,83,CL0361,C2H2-zf
6yww,A,,PF01429,Methyl-CpG binding domain,Methyl-CpG binding domain,16,86,CL0081,MBD-like
7b4d,A,,PF00870,P53 DNA-binding domain,P53 DNA-binding domain,6,196,CL0073,P53-like
7b4e,A,,PF00870,P53 DNA-binding domain,P53 DNA-binding domain,6,196,CL0073,P53-like
7b4f,A,,PF00870,P53 DNA-binding domain,P53 DNA-binding domain,6,196,CL0073,P53-like
7cby,C,,PF00250,Forkhead domain,Forkhead domain,5,91,CL0123,HTH
7eds,A,,PF00870,P53 DNA-binding domain,P53 DNA-binding domain,6,196,CL0073,P53-like
7jsa,J,,PF00178,Ets-domain,Ets-domain,11,90,CL0123,HTH
7n5s,A,,PF00096,"Zinc finger, C2H2 type","Zinc finger, C2H2 type",46,68,CL0361,C2H2-zf
7n5s,A,,PF00096,"Zinc finger, C2H2 type","Zinc finger, C2H2 type",74,96,CL0361,C2H2-zf
7n5t,A,,PF00096,"Zinc finger, C2H2 type","Zinc finger, C2H2 type",46,68,CL0361,C2H2-zf
7n5t,A,,PF00096,"Zinc finger, C2H2 type","Zinc finger, C2H2 type",74,96,CL0361,C2H2-zf
7n5u,A,,PF00096,"Zinc finger, C2H2 type","Zinc finger, C2H2 type",46,68,CL0361,C2H2-zf
7n5u,A,,PF00096,"Zinc finger, C2H2 type","Zinc finger, C2H2 type",74,96,CL0361,C2H2-zf
7n5w,A,,PF00096,"Zinc finger, C2H2 type","Zinc finger, C2H2 type",36,58,CL0361,C2H2-zf
7n5w,A,,PF00096,"Zinc finger, C2H2 type","Zinc finger, C2H2 type",64,86,CL0361,C2H2-zf
7ray,A,,PF01429,Methyl-CpG binding domain,Methyl-CpG binding domain,5,75,CL0081,MBD-like
