PDB_ID,Chain,Pfam_ID,Pfam_Name,pfam_manual,PWM_ID_Jaspar,PWM_ID_Hocomoco,Uniprot_Jaspar,Uniprot_Hocomoco,TF Class_Jaspar,TF Class_Hocomoco,TF Family_Jaspar,TF Family_Hocomoco
1a1f,A,PF11914|PF11928|PF00096,DUF3432|DUF3446|zf-C2H2,zf-C2H2,MA0162.1.jaspar,EGR1_MOUSE.H11MO.0.A,P18146,EGR1_MOUSE,C2H2 zinc finger factors,Unknown,Three-zinc finger Kruppel-related,Unknown
1a1g,A,PF11914|PF11928|PF00096,DUF3432|DUF3446|zf-C2H2,zf-C2H2,MA0162.1.jaspar,EGR1_MOUSE.H11MO.0.A,P18146,EGR1_MOUSE,C2H2 zinc finger factors,Unknown,Three-zinc finger Kruppel-related,Unknown
1a1h,A,PF11914|PF11928|PF00096,DUF3432|DUF3446|zf-C2H2,zf-C2H2,MA0162.1.jaspar,EGR1_MOUSE.H11MO.0.A,P18146,EGR1_MOUSE,C2H2 zinc finger factors,Unknown,Three-zinc finger Kruppel-related,Unknown
1a1i,A,PF11914|PF11928|PF00096,DUF3432|DUF3446|zf-C2H2,zf-C2H2,MA0162.1.jaspar,EGR1_MOUSE.H11MO.0.A,P18146,EGR1_MOUSE,C2H2 zinc finger factors,Unknown,Three-zinc finger Kruppel-related,Unknown
1a1j,A,PF11914|PF11928|PF00096,DUF3432|DUF3446|zf-C2H2,zf-C2H2,MA0162.1.jaspar,EGR1_MOUSE.H11MO.0.A,P18146,EGR1_MOUSE,C2H2 zinc finger factors,Unknown,Three-zinc finger Kruppel-related,Unknown
1a1k,A,PF11914|PF11928|PF00096,DUF3432|DUF3446|zf-C2H2,zf-C2H2,MA0162.1.jaspar,EGR1_MOUSE.H11MO.0.A,P18146,EGR1_MOUSE,C2H2 zinc finger factors,Unknown,Three-zinc finger Kruppel-related,Unknown
1a1l,A,PF11914|PF11928|PF00096,DUF3432|DUF3446|zf-C2H2,zf-C2H2,MA0162.1.jaspar,EGR1_MOUSE.H11MO.0.A,P18146,EGR1_MOUSE,C2H2 zinc finger factors,Unknown,Three-zinc finger Kruppel-related,Unknown
1a66,A,PF16179|PF00554,RHD_dimer|RHD_DNA_bind,RHD_DNA_bind,,NFAC1_HUMAN.H11MO.0.B,,NFAC1_HUMAN,,Unknown,,Unknown
1aay,A,PF11914|PF11928|PF00096,DUF3432|DUF3446|zf-C2H2,zf-C2H2,MA0162.1.jaspar,EGR1_MOUSE.H11MO.0.A,P18146,EGR1_MOUSE,C2H2 zinc finger factors,Unknown,Three-zinc finger Kruppel-related,Unknown
1bc7,C,Unknown|PF00178,Unknown|Ets,Ets,UN0118.1.jaspar,ELK4_HUMAN.H11MO.0.A,,ELK4_HUMAN,Unknown,Unknown,Unknown,Unknown
1bc8,C,Unknown|PF00178,Unknown|Ets,Ets,UN0118.1.jaspar,ELK4_HUMAN.H11MO.0.A,,ELK4_HUMAN,Unknown,Unknown,Unknown,Unknown
1cdw,A,PF00352,TBP,TBP,,TBP_HUMAN.H11MO.0.A,,TBP_HUMAN,,Unknown,,Unknown
1e3o,C,PF00046|PF00157|PF19536,Homeodomain|Pou|POU2F1_C,Homeodomain | Pou,MA1962.1.jaspar|MA0785.1.jaspar,PO2F1_HUMAN.H11MO.0.C,P14859,PO2F1_HUMAN,"Homeo domain factors, High-mobility group (HMG) domain factors|Homeo domain factors",Unknown,"POU domain factors, SOX-related factors|POU domain factors",Unknown
1hry,A,PF00505,HMG_box,HMG_box,MA0084.1.jaspar,SRY_HUMAN.H11MO.0.B,Q05066,SRY_HUMAN,High-mobility group (HMG) domain factors,Unknown,SOX-related factors,Unknown
1hrz,A,PF00505,HMG_box,HMG_box,MA0084.1.jaspar,SRY_HUMAN.H11MO.0.B,Q05066,SRY_HUMAN,High-mobility group (HMG) domain factors,Unknown,SOX-related factors,Unknown
1j46,A,PF00505,HMG_box,HMG_box,MA0084.1.jaspar,SRY_HUMAN.H11MO.0.B,Q05066,SRY_HUMAN,High-mobility group (HMG) domain factors,Unknown,SOX-related factors,Unknown
1j47,A,PF00505,HMG_box,HMG_box,MA0084.1.jaspar,SRY_HUMAN.H11MO.0.B,Q05066,SRY_HUMAN,High-mobility group (HMG) domain factors,Unknown,SOX-related factors,Unknown
1jk1,A,PF11914|PF11928|PF00096,DUF3432|DUF3446|zf-C2H2,zf-C2H2,MA0162.1.jaspar,EGR1_MOUSE.H11MO.0.A,P18146,EGR1_MOUSE,C2H2 zinc finger factors,Unknown,Three-zinc finger Kruppel-related,Unknown
1jk2,A,PF11914|PF11928|PF00096,DUF3432|DUF3446|zf-C2H2,zf-C2H2,MA0162.1.jaspar,EGR1_MOUSE.H11MO.0.A,P18146,EGR1_MOUSE,C2H2 zinc finger factors,Unknown,Three-zinc finger Kruppel-related,Unknown
1lfu,P,PF05920|PF03792,Homeobox_KN|PBC,Homeobox_KN,,PBX1_MOUSE.H11MO.0.A,,PBX1_MOUSE,,Unknown,,Unknown
1lo1,A,PF00104|PF00105,Hormone_recep|zf-C4,zf-C4,MA0141.3.jaspar,ERR2_HUMAN.H11MO.0.A,O95718,ERR2_HUMAN,Nuclear receptors with C4 zinc fingers,Unknown,Steroid hormone receptors (NR3),Unknown
1mnn,A,PF05224,NDT80_PhoG,NDT80_PhoG,MA0343.1.jaspar,,P38830,,NDT80 domain factors,,,
1mse,C,PF09316|PF07988|PF00249,Cmyb_C|LMSTEN|Myb_DNA-binding,Myb_DNA-binding,MA0100.2.jaspar,MYB_MOUSE.H11MO.0.A,P10242,MYB_MOUSE,Tryptophan cluster factors,Unknown,Myb/SANT domain factors,Unknown
1msf,C,PF09316|PF07988|PF00249,Cmyb_C|LMSTEN|Myb_DNA-binding,Myb_DNA-binding,MA0100.2.jaspar,MYB_MOUSE.H11MO.0.A,P10242,MYB_MOUSE,Tryptophan cluster factors,Unknown,Myb/SANT domain factors,Unknown
1nk2,P,PF00046,Homeodomain,Homeodomain,MA0253.1.jaspar,,P22808,,Homeo domain factors,,NK,
1nk3,P,PF00046,Homeodomain,Homeodomain,MA0253.1.jaspar,,P22808,,Homeo domain factors,,NK,
1oct,C,PF00046|PF00157|PF19536,Homeodomain|Pou|POU2F1_C,Homeodomain | Pou,MA1962.1.jaspar|MA0785.1.jaspar,PO2F1_HUMAN.H11MO.0.C,P14859,PO2F1_HUMAN,"Homeo domain factors, High-mobility group (HMG) domain factors|Homeo domain factors",Unknown,"POU domain factors, SOX-related factors|POU domain factors",Unknown
1skn,P,PF03131,bZIP_Maf,bZIP,MA0547.1.jaspar,,P34707,,Basic leucine zipper factors (bZIP),,Jun-related,
1tgh,A,PF00352,TBP,TBP,,TBP_HUMAN.H11MO.0.A,,TBP_HUMAN,,Unknown,,Unknown
1ubd,C,PF00096,zf-C2H2,zf-C2H2,MA0095.2.jaspar,TYY1_HUMAN.H11MO.0.A,Q00899,TYY1_HUMAN,C2H2 zinc finger factors,Unknown,More than 3 adjacent zinc fingers,Unknown
1vtn,C,PF00250|PF08430,Forkhead|Forkhead_N,Forkhead,MA1683.1.jaspar,FOXA3_HUMAN.H11MO.0.B,P55318,FOXA3_HUMAN,Fork head/winged helix factors,Unknown,FOX,Unknown
1yo5,C,PF00178|PF02198,Ets|SAM_PNT,Ets,MA0686.1.jaspar,,O95238,,Tryptophan cluster factors,,Ets-related,
1yui,A,PF00651|PF09237,BTB|GAGA,BTB,MA0205.2.jaspar,,Q08605,,C2H2 zinc finger factors,,More than 3 adjacent zinc fingers,
1yuj,A,PF00651|PF09237,BTB|GAGA,BTB,MA0205.2.jaspar,,Q08605,,C2H2 zinc finger factors,,More than 3 adjacent zinc fingers,
1zaa,C,PF11914|PF11928|PF00096,DUF3432|DUF3446|zf-C2H2,zf-C2H2,MA0162.1.jaspar,EGR1_MOUSE.H11MO.0.A,P18146,EGR1_MOUSE,C2H2 zinc finger factors,Unknown,Three-zinc finger Kruppel-related,Unknown
1zq3,P,PF00046,Homeodomain,Homeodomain,MA0212.1.jaspar,,P09081,,Homeo domain factors,,Paired-related HD factors,
2a66,A,PF00104|PF00105,Hormone_recep|zf-C4,Hormone_recep | zf-C4,,NR5A2_HUMAN.H11MO.0.B,,NR5A2_HUMAN,,Unknown,,Unknown
2etw,A,PF05224,NDT80_PhoG,NDT80_PhoG,MA0343.1.jaspar,,P38830,,NDT80 domain factors,,,
2euv,A,PF05224,NDT80_PhoG,NDT80_PhoG,MA0343.1.jaspar,,P38830,,NDT80 domain factors,,,
2euw,A,PF05224,NDT80_PhoG,NDT80_PhoG,MA0343.1.jaspar,,P38830,,NDT80 domain factors,,,
2eux,A,PF05224,NDT80_PhoG,NDT80_PhoG,MA0343.1.jaspar,,P38830,,NDT80 domain factors,,,
2euz,A,PF05224,NDT80_PhoG,NDT80_PhoG,MA0343.1.jaspar,,P38830,,NDT80 domain factors,,,
2evf,A,PF05224,NDT80_PhoG,NDT80_PhoG,MA0343.1.jaspar,,P38830,,NDT80 domain factors,,,
2evg,A,PF05224,NDT80_PhoG,NDT80_PhoG,MA0343.1.jaspar,,P38830,,NDT80 domain factors,,,
2evh,A,PF05224,NDT80_PhoG,NDT80_PhoG,MA0343.1.jaspar,,P38830,,NDT80 domain factors,,,
2evi,A,PF05224,NDT80_PhoG,NDT80_PhoG,MA0343.1.jaspar,,P38830,,NDT80 domain factors,,,
2evj,A,PF05224,NDT80_PhoG,NDT80_PhoG,MA0343.1.jaspar,,P38830,,NDT80 domain factors,,,
2ff0,A,PF00104|PF00105,Hormone_recep|zf-C4,Hormone_recep | zf-C4,,STF1_MOUSE.H11MO.0.B,,STF1_MOUSE,,Unknown,,Unknown
2glo,A,PF09607,BrkDBD,BrkDBD,MA0213.1.jaspar,,Q9XTN4,,,,,
2gzk,A,PF00505,HMG_box,HMG_box,MA0084.1.jaspar,SRY_HUMAN.H11MO.0.B,Q05066,SRY_HUMAN,High-mobility group (HMG) domain factors,Unknown,SOX-related factors,Unknown
2hdc,A,PF00250,Forkhead,Forkhead,MA0041.1.jaspar,,Q9UJU5,,Fork head/winged helix factors,,FOX,
2jp9,A,PF02165|PF00096,WT1|zf-C2H2,WT1 | zf-C2H2,,WT1_HUMAN.H11MO.0.C,,WT1_HUMAN,,Unknown,,Unknown
2jpa,A,PF02165|PF00096,WT1|zf-C2H2,WT1 | zf-C2H2,,WT1_HUMAN.H11MO.0.C,,WT1_HUMAN,,Unknown,,Unknown
2ko0,A,PF05485,THAP,THAP,MA0597.1.jaspar,THAP1_HUMAN.H11MO.0.C,Q9NVV9,THAP1_HUMAN,C2CH THAP-type zinc finger factors,Unknown,THAP-related factors,Unknown
2l1g,A,PF05485,THAP,THAP,MA0597.1.jaspar,THAP1_HUMAN.H11MO.0.C,Q9NVV9,THAP1_HUMAN,C2CH THAP-type zinc finger factors,Unknown,THAP-related factors,Unknown
2ld5,A,PF00046|PF12284,Homeodomain|HoxA13_N,Homeodomain,,HXA13_MOUSE.H11MO.0.C,,HXA13_MOUSE,,Unknown,,Unknown
2lef,A,PF08347|PF00505,CTNNB1_binding|HMG_box,HMG_box,,LEF1_MOUSE.H11MO.0.B,,LEF1_MOUSE,,Unknown,,Unknown
2lkx,A,PF00046|PF03826,Homeodomain|OAR,Homeodomain,MA1547.2.jaspar,,Q99697,,Homeo domain factors,,Paired-related HD factors,
2lt7,A,PF00651,BTB,BTB,MA0527.1.jaspar,KAISO_HUMAN.H11MO.0.A,Q86T24,KAISO_HUMAN,C2H2 zinc finger factors,Unknown,Other factors with up to three adjacent zinc fingers,Unknown
2me6,A,PF00046,Homeodomain,Homeodomain,MA0889.1.jaspar,,Q14549,,Homeo domain factors,,HOX,
2oeh,A,PF01388,ARID,ARID,,ARI5B_HUMAN.H11MO.0.C,,ARI5B_HUMAN,,Unknown,,Unknown
2prt,A,PF02165|PF00096,WT1|zf-C2H2,WT1 | zf-C2H2,,WT1_HUMAN.H11MO.0.C,,WT1_HUMAN,,Unknown,,Unknown
2stt,A,PF00178|PF19525|PF02198,Ets|Ets1_N_flank|SAM_PNT,Ets,MA0098.3.jaspar,ETS1_HUMAN.H11MO.0.A,P14921,ETS1_HUMAN,Tryptophan cluster factors,Unknown,Ets-related,Unknown
2stw,A,PF00178|PF19525|PF02198,Ets|Ets1_N_flank|SAM_PNT,Ets,MA0098.3.jaspar,ETS1_HUMAN.H11MO.0.A,P14921,ETS1_HUMAN,Tryptophan cluster factors,Unknown,Ets-related,Unknown
2wbs,A,PF00096,zf-C2H2,zf-C2H2,MA0039.2.jaspar,KLF4_MOUSE.H11MO.0.A,O43474,KLF4_MOUSE,C2H2 zinc finger factors,Unknown,Three-zinc finger Kruppel-related,Unknown
2wbu,A,PF00096,zf-C2H2,zf-C2H2,MA0039.2.jaspar,KLF4_MOUSE.H11MO.0.A,O43474,KLF4_MOUSE,C2H2 zinc finger factors,Unknown,Three-zinc finger Kruppel-related,Unknown
2xsd,C,PF00046|PF00157,Homeodomain|Pou,Homeodomain | Pou,,PO3F1_MOUSE.H11MO.0.C,,PO3F1_MOUSE,,Unknown,,Unknown
3brg,C,PF09270|PF09271|PF20144,BTD|LAG1-DNAbind|TIG_SUH,BTD,,SUH_MOUSE.H11MO.0.A,,SUH_MOUSE,,Unknown,,Unknown
3c2i,A,PF01429,MBD,MBD,,MECP2_HUMAN.H11MO.0.C,,MECP2_HUMAN,,Unknown,,Unknown
3cmy,A,PF00046|PF00292|PF12360,Homeodomain|PAX|Pax7,Homeodomain,MA1546.1.jaspar,,P23760,,Paired box factors,,Paired plus homeo domain,
3co6,C,PF00250|PF16676|PF16675,Forkhead|FOXO-TAD|FOXO_KIX_bdg,Forkhead,,FOXO1_HUMAN.H11MO.0.A,,FOXO1_HUMAN,,Unknown,,Unknown
3exl,A,PF00870|PF08563|PF07710,P53|P53_TAD|P53_tetramer,P53,,P53_MOUSE.H11MO.0.A,,P53_MOUSE,,Unknown,,Unknown
3f27,D,PF00505|PF12067,HMG_box|Sox17_18_mid,HMG_box,MA0078.1.jaspar,,Q61473,,High-mobility group (HMG) domain factors,,SOX-related factors,
3iag,C,PF09270|PF09271|PF20144,BTD|LAG1-DNAbind|TIG_SUH,BTD,,SUH_MOUSE.H11MO.0.A,,SUH_MOUSE,,Unknown,,Unknown
3jtg,A,PF00178|PF02198,Ets|SAM_PNT,Ets,,ELF3_MOUSE.H11MO.0.B,,ELF3_MOUSE,,Unknown,,Unknown
3l2c,A,PF00250|PF16676,Forkhead|FOXO-TAD,Forkhead,MA0848.1.jaspar,FOXO4_HUMAN.H11MO.0.C,P98177,FOXO4_HUMAN,Fork head/winged helix factors,Unknown,FOX,Unknown
3lnq,A,PF00046|PF03826,Homeodomain|OAR,Homeodomain,MA0208.1.jaspar,,Q06453,,Homeo domain factors,,Paired-related HD factors,
3u2b,C,PF00505,HMG_box,HMG_box,,SOX4_MOUSE.H11MO.0.A,,SOX4_MOUSE,,Unknown,,Unknown
3ukg,A,PF16589|PF00249|PF09197|PF11626,BRCT_2|Myb_DNA-binding|Rap1-DNA-bind|Rap1_C,Myb_DNA-binding,MA0359.2.jaspar,,P11938,,Tryptophan cluster factors,,Myb/SANT domain factors,
3vd6,C,PF00320,GATA,GATA,MA0035.3.jaspar,GATA1_MOUSE.H11MO.0.A,P15976,GATA1_MOUSE,Other C4 zinc finger-type factors,Unknown,C4-GATA-related,Unknown
3zp5,A,PF00178,Ets,Ets,MA0156.3.jaspar,FEV_HUMAN.H11MO.0.B,Q99581,FEV_HUMAN,Tryptophan cluster factors,Unknown,Ets-related,Unknown
4bnc,A,PF00178|PF04621,Ets|ETS_PEA3_N,Ets,MA0761.2.jaspar,ETV1_HUMAN.H11MO.0.A,P50549,ETV1_HUMAN,Tryptophan cluster factors,Unknown,Ets-related,Unknown
4euw,A,PF00505|PF12444,HMG_box|Sox_N,HMG_box,MA0077.1.jaspar,SOX9_HUMAN.H11MO.0.B,P48436,SOX9_HUMAN,High-mobility group (HMG) domain factors,Unknown,SOX-related factors,Unknown
4f6m,A,PF00651,BTB,BTB,MA0527.1.jaspar,KAISO_HUMAN.H11MO.0.A,Q86T24,KAISO_HUMAN,C2H2 zinc finger factors,Unknown,Other factors with up to three adjacent zinc fingers,Unknown
4f6n,A,PF00651,BTB,BTB,MA0527.1.jaspar,KAISO_HUMAN.H11MO.0.A,Q86T24,KAISO_HUMAN,C2H2 zinc finger factors,Unknown,Other factors with up to three adjacent zinc fingers,Unknown
4gfb,A,PF16589|PF00249|PF09197|PF11626,BRCT_2|Myb_DNA-binding|Rap1-DNA-bind|Rap1_C,Myb_DNA-binding,MA0359.2.jaspar,,P11938,,Tryptophan cluster factors,,Myb/SANT domain factors,
4gzn,C,PF01352|PF00096,KRAB|zf-C2H2,KRAB | zf-C2H2,,ZFP57_MOUSE.H11MO.0.B,,ZFP57_MOUSE,,Unknown,,Unknown
4hc9,A,PF00320,GATA,GATA,MA0037.3.jaspar,GATA3_HUMAN.H11MO.0.A,P23772,GATA3_HUMAN,Other C4 zinc finger-type factors,Unknown,C4-GATA-related,Unknown
4hca,A,PF00320,GATA,GATA,MA0037.3.jaspar,GATA3_HUMAN.H11MO.0.A,P23772,GATA3_HUMAN,Other C4 zinc finger-type factors,Unknown,C4-GATA-related,Unknown
4iri,A,PF00178|PF02198,Ets|SAM_PNT,Ets,MA0474.2.jaspar,ERG_HUMAN.H11MO.0.A,P81270,ERG_HUMAN,Tryptophan cluster factors,Unknown,Ets-related,Unknown
4m9e,A,PF00096,zf-C2H2,zf-C2H2,MA0039.2.jaspar,KLF4_MOUSE.H11MO.0.A,O43474,KLF4_MOUSE,C2H2 zinc finger factors,Unknown,Three-zinc finger Kruppel-related,Unknown
4mhg,A,PF00178|PF02198,Ets|SAM_PNT,Ets,,ETV6_MOUSE.H11MO.0.C,,ETV6_MOUSE,,Unknown,,Unknown
4r2a,A,PF11914|PF11928|PF00096,DUF3432|DUF3446|zf-C2H2,zf-C2H2,MA0162.4.jaspar,EGR1_HUMAN.H11MO.0.A,P18146,EGR1_HUMAN,C2H2 zinc finger factors,Unknown,Three-zinc finger Kruppel-related,Unknown
4r2c,A,PF11914|PF11928|PF00096,DUF3432|DUF3446|zf-C2H2,zf-C2H2,MA0162.4.jaspar,EGR1_HUMAN.H11MO.0.A,P18146,EGR1_HUMAN,C2H2 zinc finger factors,Unknown,Three-zinc finger Kruppel-related,Unknown
4r2d,A,PF11914|PF11928|PF00096,DUF3432|DUF3446|zf-C2H2,zf-C2H2,MA0162.4.jaspar,EGR1_HUMAN.H11MO.0.A,P18146,EGR1_HUMAN,C2H2 zinc finger factors,Unknown,Three-zinc finger Kruppel-related,Unknown
4r2e,A,PF02165|PF00096,WT1|zf-C2H2,WT1 | zf-C2H2,,WT1_HUMAN.H11MO.0.C,,WT1_HUMAN,,Unknown,,Unknown
4r2p,A,PF02165|PF00096,WT1|zf-C2H2,WT1 | zf-C2H2,,WT1_HUMAN.H11MO.0.C,,WT1_HUMAN,,Unknown,,Unknown
4r2q,A,PF02165|PF00096,WT1|zf-C2H2,WT1 | zf-C2H2,,WT1_HUMAN.H11MO.0.C,,WT1_HUMAN,,Unknown,,Unknown
4r2r,A,PF02165|PF00096,WT1|zf-C2H2,WT1 | zf-C2H2,,WT1_HUMAN.H11MO.0.C,,WT1_HUMAN,,Unknown,,Unknown
4r2s,A,PF02165|PF00096,WT1|zf-C2H2,WT1 | zf-C2H2,,WT1_HUMAN.H11MO.0.C,,WT1_HUMAN,,Unknown,,Unknown
4s2q,D,PF00505|PF12444,HMG_box|Sox_N,HMG_box,,SOX9_MOUSE.H11MO.0.A,,SOX9_MOUSE,,Unknown,,Unknown
4uno,A,PF00178|PF04621,Ets|ETS_PEA3_N,Ets,MA0765.3.jaspar,ETV5_HUMAN.H11MO.0.C,P41161,ETV5_HUMAN,Tryptophan cluster factors,Unknown,Ets-related,Unknown
4x9j,A,PF11914|PF11928|PF00096,DUF3432|DUF3446|zf-C2H2,zf-C2H2,MA0162.4.jaspar,EGR1_HUMAN.H11MO.0.A,P18146,EGR1_HUMAN,C2H2 zinc finger factors,Unknown,Three-zinc finger Kruppel-related,Unknown
4yo2,A,PF02319,WHD_E2F_TDP,Forkhead,MA0865.2.jaspar,,A0AVK6,,Fork head/winged helix factors,,E2F,
5bt2,A,PF01429,MBD,MBD,,MECP2_HUMAN.H11MO.0.C,,MECP2_HUMAN,,Unknown,,Unknown
5egb,A,PF01352|PF21549|PF09514|PF00096|PF21225,KRAB|PRDM2_PR|SSXRD|zf-C2H2|zf-C2H2_5,KRAB | zf-C2H2,MA1723.1.jaspar,,Q9NQV7,,C2H2 zinc finger factors,,Factors with multiple dispersed zinc fingers,
5gzb,A,PF01285|PF17725,TEA|YBD,TEA,MA0809.2.jaspar,TEAD4_HUMAN.H11MO.0.A,Q15561,TEAD4_HUMAN,TEA domain factors,Unknown,TEF-1-related factors,Unknown
5k5h,A,PF00096|PF23611,zf-C2H2|zf-C2H2_16,zf-C2H2,MA1930.1.jaspar,CTCF_HUMAN.H11MO.0.A,P49711,CTCF_HUMAN,C2H2 zinc finger factors,Unknown,More than 3 adjacent zinc fingers,Unknown
5k5i,A,PF00096|PF23611,zf-C2H2|zf-C2H2_16,zf-C2H2,MA1930.1.jaspar,CTCF_HUMAN.H11MO.0.A,P49711,CTCF_HUMAN,C2H2 zinc finger factors,Unknown,More than 3 adjacent zinc fingers,Unknown
5k5j,A,PF00096|PF23611,zf-C2H2|zf-C2H2_16,zf-C2H2,MA1930.1.jaspar,CTCF_HUMAN.H11MO.0.A,P49711,CTCF_HUMAN,C2H2 zinc finger factors,Unknown,More than 3 adjacent zinc fingers,Unknown
5ke6,A,PF00096,zf-C2H2,zf-C2H2,MA0039.2.jaspar,KLF4_MOUSE.H11MO.0.A,O43474,KLF4_MOUSE,C2H2 zinc finger factors,Unknown,Three-zinc finger Kruppel-related,Unknown
5ke7,A,PF00096,zf-C2H2,zf-C2H2,MA0039.2.jaspar,KLF4_MOUSE.H11MO.0.A,O43474,KLF4_MOUSE,C2H2 zinc finger factors,Unknown,Three-zinc finger Kruppel-related,Unknown
5ke8,A,PF00096,zf-C2H2,zf-C2H2,MA0039.2.jaspar,KLF4_MOUSE.H11MO.0.A,O43474,KLF4_MOUSE,C2H2 zinc finger factors,Unknown,Three-zinc finger Kruppel-related,Unknown
5ke9,A,PF00096,zf-C2H2,zf-C2H2,MA0039.2.jaspar,KLF4_MOUSE.H11MO.0.A,O43474,KLF4_MOUSE,C2H2 zinc finger factors,Unknown,Three-zinc finger Kruppel-related,Unknown
5kea,A,PF00096,zf-C2H2,zf-C2H2,MA0039.2.jaspar,KLF4_MOUSE.H11MO.0.A,O43474,KLF4_MOUSE,C2H2 zinc finger factors,Unknown,Three-zinc finger Kruppel-related,Unknown
5keb,A,PF00096,zf-C2H2,zf-C2H2,MA0039.2.jaspar,KLF4_MOUSE.H11MO.0.A,O43474,KLF4_MOUSE,C2H2 zinc finger factors,Unknown,Three-zinc finger Kruppel-related,Unknown
5kl2,A,PF02165|PF00096,WT1|zf-C2H2,WT1 | zf-C2H2,,WT1_HUMAN.H11MO.0.C,,WT1_HUMAN,,Unknown,,Unknown
5kl3,A,PF02165|PF00096,WT1|zf-C2H2,WT1 | zf-C2H2,,WT1_HUMAN.H11MO.0.C,,WT1_HUMAN,,Unknown,,Unknown
5kl5,A,PF02165|PF00096,WT1|zf-C2H2,WT1 | zf-C2H2,,WT1_HUMAN.H11MO.0.C,,WT1_HUMAN,,Unknown,,Unknown
5kl6,A,PF02165|PF00096,WT1|zf-C2H2,WT1 | zf-C2H2,,WT1_HUMAN.H11MO.0.C,,WT1_HUMAN,,Unknown,,Unknown
5kl7,A,PF02165|PF00096,WT1|zf-C2H2,WT1 | zf-C2H2,,WT1_HUMAN.H11MO.0.C,,WT1_HUMAN,,Unknown,,Unknown
5l0m,A,PF00104|PF00105,Hormone_recep|zf-C4,Hormone_recep | zf-C4,,NR5A2_HUMAN.H11MO.0.B,,NR5A2_HUMAN,,Unknown,,Unknown
5nnx,A,PF01285|PF17725,TEA|YBD,TEA,MA0090.3.jaspar,TEAD1_HUMAN.H11MO.0.A,P28347,TEAD1_HUMAN,TEA domain factors,Unknown,TEF-1-related factors,Unknown
5vmu,A,PF00651,BTB,BTB,MA0527.1.jaspar,KAISO_HUMAN.H11MO.0.A,Q86T24,KAISO_HUMAN,C2H2 zinc finger factors,Unknown,Other factors with up to three adjacent zinc fingers,Unknown
5vmv,A,PF00651,BTB,BTB,MA0527.1.jaspar,KAISO_HUMAN.H11MO.0.A,Q86T24,KAISO_HUMAN,C2H2 zinc finger factors,Unknown,Other factors with up to three adjacent zinc fingers,Unknown
5vmw,A,PF00651,BTB,BTB,MA0527.1.jaspar,KAISO_HUMAN.H11MO.0.A,Q86T24,KAISO_HUMAN,C2H2 zinc finger factors,Unknown,Other factors with up to three adjacent zinc fingers,Unknown
5vmx,A,PF00651,BTB,BTB,MA0527.1.jaspar,KAISO_HUMAN.H11MO.0.A,Q86T24,KAISO_HUMAN,C2H2 zinc finger factors,Unknown,Other factors with up to three adjacent zinc fingers,Unknown
5vmy,A,PF00651,BTB,BTB,MA0527.1.jaspar,KAISO_HUMAN.H11MO.0.A,Q86T24,KAISO_HUMAN,C2H2 zinc finger factors,Unknown,Other factors with up to three adjacent zinc fingers,Unknown
5vmz,A,PF00651,BTB,BTB,MA0527.1.jaspar,KAISO_HUMAN.H11MO.0.A,Q86T24,KAISO_HUMAN,C2H2 zinc finger factors,Unknown,Other factors with up to three adjacent zinc fingers,Unknown
5wx9,A,PF00847,AP2,AP2,MA0998.1.jaspar,,Q9LSX0,,AP2/EREBP,,ERF/DREB,
5z6z,A,PF00046,Homeodomain,Homeodomain,MA0468.1.jaspar,DUX4_HUMAN.H11MO.0.A,Q9UBX2,DUX4_HUMAN,Homeo domain factors,Unknown,Paired-related HD factors,Unknown
5zfw,A,PF00046,Homeodomain,Homeodomain,MA0468.1.jaspar,DUX4_HUMAN.H11MO.0.A,Q9UBX2,DUX4_HUMAN,Homeo domain factors,Unknown,Paired-related HD factors,Unknown
5zfy,A,PF00046,Homeodomain,Homeodomain,MA0468.1.jaspar,DUX4_HUMAN.H11MO.0.A,Q9UBX2,DUX4_HUMAN,Homeo domain factors,Unknown,Paired-related HD factors,Unknown
5zfz,A,PF00046,Homeodomain,Homeodomain,MA0468.1.jaspar,DUX4_HUMAN.H11MO.0.A,Q9UBX2,DUX4_HUMAN,Homeo domain factors,Unknown,Paired-related HD factors,Unknown
6a57,A,PF02373|PF02375,JmjC|JmjN,Jumonji,MA1415.1.jaspar,,Q9STM3,,C2H2 zinc finger factors,,Jumonji,
6ako,C,PF00250,Forkhead,Forkhead,MA0846.1.jaspar,,Q99958,,Fork head/winged helix factors,,FOX,
6akp,C,PF00250,Forkhead,Forkhead,MA0846.1.jaspar,,Q99958,,Fork head/winged helix factors,,FOX,
6blw,A,PF02165|PF00096,WT1|zf-C2H2,WT1 | zf-C2H2,,WT1_HUMAN.H11MO.0.C,,WT1_HUMAN,,Unknown,,Unknown
6df5,A,PF00651,BTB,BTB,MA0527.1.jaspar,KAISO_HUMAN.H11MO.0.A,Q86T24,KAISO_HUMAN,C2H2 zinc finger factors,Unknown,Other factors with up to three adjacent zinc fingers,Unknown
6df8,A,PF00651,BTB,BTB,MA0527.1.jaspar,KAISO_HUMAN.H11MO.0.A,Q86T24,KAISO_HUMAN,C2H2 zinc finger factors,Unknown,Other factors with up to three adjacent zinc fingers,Unknown
6df9,A,PF00651,BTB,BTB,MA0527.1.jaspar,KAISO_HUMAN.H11MO.0.A,Q86T24,KAISO_HUMAN,C2H2 zinc finger factors,Unknown,Other factors with up to three adjacent zinc fingers,Unknown
6dfa,A,PF00651,BTB,BTB,MA0527.1.jaspar,KAISO_HUMAN.H11MO.0.A,Q86T24,KAISO_HUMAN,C2H2 zinc finger factors,Unknown,Other factors with up to three adjacent zinc fingers,Unknown
6dfb,A,PF00651,BTB,BTB,MA0527.1.jaspar,KAISO_HUMAN.H11MO.0.A,Q86T24,KAISO_HUMAN,C2H2 zinc finger factors,Unknown,Other factors with up to three adjacent zinc fingers,Unknown
6dfc,A,PF00651,BTB,BTB,MA0527.1.jaspar,KAISO_HUMAN.H11MO.0.A,Q86T24,KAISO_HUMAN,C2H2 zinc finger factors,Unknown,Other factors with up to three adjacent zinc fingers,Unknown
6e8c,A,PF00046,Homeodomain,Homeodomain,MA0468.1.jaspar,DUX4_HUMAN.H11MO.0.A,Q9UBX2,DUX4_HUMAN,Homeo domain factors,Unknown,Paired-related HD factors,Unknown
6j4e,B,PF03106,WRKY,WRKY,MA0589.1.jaspar,,Q9SI37,,GCM domain factors,,WRKY,
6j4g,B,PF03106,WRKY,WRKY,MA1301.1.jaspar,,Q8S8P5,,GCM domain factors,,WRKY,
6jnl,A,PF02373|PF02375,JmjC|JmjN,Jumonji,MA1415.1.jaspar,,Q9STM3,,C2H2 zinc finger factors,,Jumonji,
6lbm,C,PF00250,Forkhead,Forkhead,MA0846.1.jaspar,,Q99958,,Fork head/winged helix factors,,FOX,
6ldm,A,PF16589|PF00249|PF09197|PF11626,BRCT_2|Myb_DNA-binding|Rap1-DNA-bind|Rap1_C,Myb_DNA-binding,MA0359.2.jaspar,,P11938,,Tryptophan cluster factors,,Myb/SANT domain factors,
6lmr,A,PF00313,CSD,CSD,UN0139.1.jaspar,,P67809,,Cold-shock domain factors,,Dbp-related factors,
6m3d,C,PF10525|PF00046,Engrail_1_C_sig|Homeodomain,Homeodomain,MA0220.1.jaspar,,P02836,,Homeo domain factors,,NK,
6nce,A,PF00250,Forkhead,Forkhead,MA1489.1.jaspar,,O00409,,Fork head/winged helix factors,,FOX,
6ogk,A,PF01429,MBD,Myb_DNA-binding,,MECP2_HUMAN.H11MO.0.C,,MECP2_HUMAN,,Unknown,,Unknown
6pax,A,PF00046|PF00292,Homeodomain|PAX,Homeodomain,MA0069.1.jaspar,PAX6_HUMAN.H11MO.0.C,P26367,PAX6_HUMAN,Paired box factors,Unknown,Paired plus homeo domain,Unknown
6u81,A,PF00046,Homeodomain,Homeodomain,MA0468.1.jaspar,DUX4_HUMAN.H11MO.0.A,Q9UBX2,DUX4_HUMAN,Homeo domain factors,Unknown,Paired-related HD factors,Unknown
6u9q,A,PF25491|PF00096|PF23611,CCHC_BCL-11A|zf-C2H2|zf-C2H2_16,zf-C2H2,,BC11A_HUMAN.H11MO.0.A,,BC11A_HUMAN,,Unknown,,Unknown
6v8u,A,PF00651,BTB,BTB,MA0527.1.jaspar,KAISO_HUMAN.H11MO.0.A,Q86T24,KAISO_HUMAN,C2H2 zinc finger factors,Unknown,Other factors with up to three adjacent zinc fingers,Unknown
6vtx,A,PF00096,zf-C2H2,zf-C2H2,MA0039.4.jaspar,KLF4_HUMAN.H11MO.0.A,O43474,KLF4_HUMAN,C2H2 zinc finger factors,Unknown,Three-zinc finger Kruppel-related,Unknown
6yww,A,PF01429,MBD,MBD,,MECP2_HUMAN.H11MO.0.C,,MECP2_HUMAN,,Unknown,,Unknown
7b4d,A,PF00870|PF08563|PF07710|PF18521,P53|P53_TAD|P53_tetramer|TAD2,P53,MA0106.3.jaspar,P53_HUMAN.H11MO.0.A,P04637,P53_HUMAN,p53 domain factors,Unknown,p53-related factors,Unknown
7b4e,A,PF00870|PF08563|PF07710|PF18521,P53|P53_TAD|P53_tetramer|TAD2,P53,MA0106.3.jaspar,P53_HUMAN.H11MO.0.A,P04637,P53_HUMAN,p53 domain factors,Unknown,p53-related factors,Unknown
7b4f,A,PF00870|PF08563|PF07710|PF18521,P53|P53_TAD|P53_tetramer|TAD2,P53,MA0106.3.jaspar,P53_HUMAN.H11MO.0.A,P04637,P53_HUMAN,p53 domain factors,Unknown,p53-related factors,Unknown
7cby,C,PF00250,Forkhead,Forkhead,MA0613.1.jaspar,,P55316,,Fork head/winged helix factors,,FOX,
7eds,A,PF00870|PF08563|PF07710|PF18521,P53|P53_TAD|P53_tetramer|TAD2,P53,MA0106.3.jaspar,P53_HUMAN.H11MO.0.A,P04637,P53_HUMAN,p53 domain factors,Unknown,p53-related factors,Unknown
7jsa,J,PF00178,Ets,Ets,MA0760.1.jaspar,,P50548,,Tryptophan cluster factors,,Ets-related,
7n5s,A,PF00651|PF00096,BTB|zf-C2H2,BTB | zf-C2H2,MA0750.2.jaspar,ZBT7A_HUMAN.H11MO.0.A,O95365,ZBT7A_HUMAN,C2H2 zinc finger factors,Unknown,More than 3 adjacent zinc fingers,Unknown
7n5t,A,PF00651|PF00096,BTB|zf-C2H2,BTB | zf-C2H2,MA0750.2.jaspar,ZBT7A_HUMAN.H11MO.0.A,O95365,ZBT7A_HUMAN,C2H2 zinc finger factors,Unknown,More than 3 adjacent zinc fingers,Unknown
7n5u,A,PF00651|PF00096,BTB|zf-C2H2,BTB | zf-C2H2,MA0750.2.jaspar,ZBT7A_HUMAN.H11MO.0.A,O95365,ZBT7A_HUMAN,C2H2 zinc finger factors,Unknown,More than 3 adjacent zinc fingers,Unknown
7n5w,A,PF00651|PF00096,BTB|zf-C2H2,BTB | zf-C2H2,MA0750.2.jaspar,ZBT7A_HUMAN.H11MO.0.A,O95365,ZBT7A_HUMAN,C2H2 zinc finger factors,Unknown,More than 3 adjacent zinc fingers,Unknown
7ray,A,PF01429|PF14048|PF16564,MBD|MBD_C|MBDa,MBD,,MBD2_HUMAN.H11MO.0.B,,MBD2_HUMAN,,Unknown,,Unknown
