pdb_id,jaspar,hocomoco,id_txt_pwm,in_benchmark,cluster_benchmark_pwms,n_pwms,all_pwms
1a02,MA0152.1.jaspar;MA0489.1.jaspar;MA1126.1.jaspar;MA1951.1.jaspar,FOS_HUMAN.H11MO.0.A;JUN_HUMAN.H11MO.0.A;NFAC2_HUMAN.H11MO.0.B,,no,JUND_HUMAN.H11MO.0.A;MA0152.1.jaspar;NFAC2_HUMAN.H11MO.0.B,7,FOS_HUMAN.H11MO.0.A;JUN_HUMAN.H11MO.0.A;MA0152.1.jaspar;MA0489.1.jaspar;MA1126.1.jaspar;MA1951.1.jaspar;NFAC2_HUMAN.H11MO.0.B
1a0a,MA0357.1.jaspar,,,no,,1,MA0357.1.jaspar
1a1f,MA0162.1.jaspar,EGR1_MOUSE.H11MO.0.A,,no,MA0162.1.jaspar;MA0162.4.jaspar,2,EGR1_MOUSE.H11MO.0.A;MA0162.1.jaspar
1a1g,MA0162.1.jaspar,EGR1_MOUSE.H11MO.0.A,MA0162.1.jaspar,yes,MA0162.1.jaspar;MA0162.4.jaspar,2,EGR1_MOUSE.H11MO.0.A;MA0162.1.jaspar
1a1h,MA0162.1.jaspar,EGR1_MOUSE.H11MO.0.A,,no,MA0162.1.jaspar;MA0162.4.jaspar,2,EGR1_MOUSE.H11MO.0.A;MA0162.1.jaspar
1a1i,MA0162.1.jaspar,EGR1_MOUSE.H11MO.0.A,MA0162.1.jaspar,yes,MA0162.1.jaspar;MA0162.4.jaspar,2,EGR1_MOUSE.H11MO.0.A;MA0162.1.jaspar
1a1j,MA0162.1.jaspar,EGR1_MOUSE.H11MO.0.A,MA0162.1.jaspar,yes,MA0162.1.jaspar;MA0162.4.jaspar,2,EGR1_MOUSE.H11MO.0.A;MA0162.1.jaspar
1a1k,MA0162.1.jaspar,EGR1_MOUSE.H11MO.0.A,,no,MA0162.1.jaspar;MA0162.4.jaspar,2,EGR1_MOUSE.H11MO.0.A;MA0162.1.jaspar
1a1l,MA0162.1.jaspar,EGR1_MOUSE.H11MO.0.A,,no,MA0162.1.jaspar;MA0162.4.jaspar,2,EGR1_MOUSE.H11MO.0.A;MA0162.1.jaspar
1a3q,MA0778.1.jaspar,NFKB2_HUMAN.H11MO.0.B,,no,MA0778.1.jaspar;NFKB2_HUMAN.H11MO.0.B,2,MA0778.1.jaspar;NFKB2_HUMAN.H11MO.0.B
1a66,,NFAC1_HUMAN.H11MO.0.B,,no,,1,NFAC1_HUMAN.H11MO.0.B
1a6y,MA1531.1.jaspar,NR1D1_HUMAN.H11MO.0.B,,no,,2,MA1531.1.jaspar;NR1D1_HUMAN.H11MO.0.B
1aay,MA0162.1.jaspar,EGR1_MOUSE.H11MO.0.A,,no,MA0162.1.jaspar;MA0162.4.jaspar,2,EGR1_MOUSE.H11MO.0.A;MA0162.1.jaspar
1akh,MA0328.2.jaspar,,,no,MA0328.2.jaspar,1,MA0328.2.jaspar
1am9,MA0829.2.jaspar,SRBP1_HUMAN.H11MO.0.A,,no,,2,MA0829.2.jaspar;SRBP1_HUMAN.H11MO.0.A
1an2,MA0058.3.jaspar;MA0059.1.jaspar,MAX_HUMAN.H11MO.0.A,,no,,3,MA0058.3.jaspar;MA0059.1.jaspar;MAX_HUMAN.H11MO.0.A
1an4,MA0093.3.jaspar,USF1_HUMAN.H11MO.0.A,,no,,2,MA0093.3.jaspar;USF1_HUMAN.H11MO.0.A
1apl,MA0328.2.jaspar,,,no,MA0328.2.jaspar,1,MA0328.2.jaspar
1awc,,GABPA_MOUSE.H11MO.0.A,,no,,1,GABPA_MOUSE.H11MO.0.A
1b72,MA0070.1.jaspar;UN0124.1.jaspar,PBX1_HUMAN.H11MO.0.A,,no,,3,MA0070.1.jaspar;PBX1_HUMAN.H11MO.0.A;UN0124.1.jaspar
1b8i,MA0094.2.jaspar;MA0222.1.jaspar,,,no,,2,MA0094.2.jaspar;MA0222.1.jaspar
1bc7,UN0118.1.jaspar,ELK4_HUMAN.H11MO.0.A,,no,,2,ELK4_HUMAN.H11MO.0.A;UN0118.1.jaspar
1bc8,UN0118.1.jaspar,ELK4_HUMAN.H11MO.0.A,,no,,2,ELK4_HUMAN.H11MO.0.A;UN0118.1.jaspar
1bf5,MA0137.3.jaspar,STAT1_HUMAN.H11MO.0.A,,no,,2,MA0137.3.jaspar;STAT1_HUMAN.H11MO.0.A
1bg1,MA0144.1.jaspar,STAT3_MOUSE.H11MO.0.A,,no,,2,MA0144.1.jaspar;STAT3_MOUSE.H11MO.0.A
1by4,MA0065.1.jaspar;MA0074.1.jaspar;MA0115.1.jaspar;MA0159.1.jaspar,RXRA_HUMAN.H11MO.0.A,,no,MA0065.1.jaspar;MA0115.1.jaspar;RXRA_HUMAN.H11MO.0.A,5,MA0065.1.jaspar;MA0074.1.jaspar;MA0115.1.jaspar;MA0159.1.jaspar;RXRA_HUMAN.H11MO.0.A
1c7u,MA0052.4.jaspar,MEF2A_HUMAN.H11MO.0.A,MEF2A_HUMAN.H11MO.0.A,yes,MA0052.4.jaspar;MA0660.1.jaspar;MEF2A_HUMAN.H11MO.0.A,2,MA0052.4.jaspar;MEF2A_HUMAN.H11MO.0.A
1c9b,,TBP_HUMAN.H11MO.0.A,,no,MA0386.1.jaspar,1,TBP_HUMAN.H11MO.0.A
1cdw,,TBP_HUMAN.H11MO.0.A,,no,MA0386.1.jaspar,1,TBP_HUMAN.H11MO.0.A
1cf7,MA0470.2.jaspar,E2F4_HUMAN.H11MO.0.A,,no,,2,E2F4_HUMAN.H11MO.0.A;MA0470.2.jaspar
1cqt,MA0785.1.jaspar;MA1962.1.jaspar,PO2F1_HUMAN.H11MO.0.C,,no,MA0785.1.jaspar,3,MA0785.1.jaspar;MA1962.1.jaspar;PO2F1_HUMAN.H11MO.0.C
1d66,MA0299.1.jaspar,,,no,,1,MA0299.1.jaspar
1dgc,MA0303.2.jaspar,,,no,,1,MA0303.2.jaspar
1dh3,,CREB1_MOUSE.H11MO.0.A,,no,,1,CREB1_MOUSE.H11MO.0.A
1dp7,,RFX1_HUMAN.H11MO.0.B,,no,,1,RFX1_HUMAN.H11MO.0.B
1dsz,MA0065.1.jaspar;MA0074.1.jaspar;MA0115.1.jaspar;MA0159.1.jaspar;MA0730.1.jaspar,RARA_HUMAN.H11MO.0.A;RXRA_HUMAN.H11MO.0.A,,no,MA0065.1.jaspar;MA0115.1.jaspar;RXRA_HUMAN.H11MO.0.A,7,MA0065.1.jaspar;MA0074.1.jaspar;MA0115.1.jaspar;MA0159.1.jaspar;MA0730.1.jaspar;RARA_HUMAN.H11MO.0.A;RXRA_HUMAN.H11MO.0.A
1du0,MA0220.1.jaspar,,,no,,1,MA0220.1.jaspar
1dux,MA0028.2.jaspar,ELK1_HUMAN.H11MO.0.B,,no,,2,ELK1_HUMAN.H11MO.0.B;MA0028.2.jaspar
1e3o,MA0785.1.jaspar;MA1962.1.jaspar,PO2F1_HUMAN.H11MO.0.C,MA0785.1.jaspar,yes,MA0785.1.jaspar,3,MA0785.1.jaspar;MA1962.1.jaspar;PO2F1_HUMAN.H11MO.0.C
1egw,MA0052.4.jaspar,MEF2A_HUMAN.H11MO.0.A,,no,MA0052.4.jaspar;MA0660.1.jaspar;MEF2A_HUMAN.H11MO.0.A,2,MA0052.4.jaspar;MEF2A_HUMAN.H11MO.0.A
1f2i,MA0162.1.jaspar,EGR1_MOUSE.H11MO.0.A,,no,MA0162.1.jaspar;MA0162.4.jaspar,2,EGR1_MOUSE.H11MO.0.A;MA0162.1.jaspar
1fos,MA0489.1.jaspar;MA1126.1.jaspar;MA1951.1.jaspar,FOS_HUMAN.H11MO.0.A;JUN_HUMAN.H11MO.0.A,,no,JUND_HUMAN.H11MO.0.A,5,FOS_HUMAN.H11MO.0.A;JUN_HUMAN.H11MO.0.A;MA0489.1.jaspar;MA1126.1.jaspar;MA1951.1.jaspar
1g2d,MA0162.1.jaspar,EGR1_MOUSE.H11MO.0.A,,no,MA0162.1.jaspar;MA0162.4.jaspar,2,EGR1_MOUSE.H11MO.0.A;MA0162.1.jaspar
1g2f,MA0162.1.jaspar,EGR1_MOUSE.H11MO.0.A,,no,MA0162.1.jaspar;MA0162.4.jaspar,2,EGR1_MOUSE.H11MO.0.A;MA0162.1.jaspar
1ga5,MA1531.1.jaspar,NR1D1_HUMAN.H11MO.0.B,,no,,2,MA1531.1.jaspar;NR1D1_HUMAN.H11MO.0.B
1gt0,MA0143.3.jaspar;MA0785.1.jaspar;MA1962.1.jaspar,PO2F1_HUMAN.H11MO.0.C;SOX2_MOUSE.H11MO.0.A,,no,MA0785.1.jaspar,5,MA0143.3.jaspar;MA0785.1.jaspar;MA1962.1.jaspar;PO2F1_HUMAN.H11MO.0.C;SOX2_MOUSE.H11MO.0.A
1gtw,MA0466.3.jaspar,CEBPB_HUMAN.H11MO.0.A,,no,CEBPB_HUMAN.H11MO.0.A;MA0466.3.jaspar;RUNX1_MOUSE.H11MO.0.A,2,CEBPB_HUMAN.H11MO.0.A;MA0466.3.jaspar
1gu4,MA0466.3.jaspar,CEBPB_HUMAN.H11MO.0.A,MA0466.3.jaspar,yes,CEBPB_HUMAN.H11MO.0.A;MA0466.3.jaspar;RUNX1_MOUSE.H11MO.0.A,2,CEBPB_HUMAN.H11MO.0.A;MA0466.3.jaspar
1gu5,MA0466.3.jaspar,CEBPB_HUMAN.H11MO.0.A,MA0466.3.jaspar,yes,CEBPB_HUMAN.H11MO.0.A;MA0466.3.jaspar;RUNX1_MOUSE.H11MO.0.A,2,CEBPB_HUMAN.H11MO.0.A;MA0466.3.jaspar
1h6f,MA1566.2.jaspar,TBX3_HUMAN.H11MO.0.C,,no,,2,MA1566.2.jaspar;TBX3_HUMAN.H11MO.0.C
1h88,MA0100.2.jaspar;MA0466.3.jaspar,CEBPB_HUMAN.H11MO.0.A;MYB_MOUSE.H11MO.0.A,,no,CEBPB_HUMAN.H11MO.0.A;MA0466.3.jaspar;RUNX1_MOUSE.H11MO.0.A,4,CEBPB_HUMAN.H11MO.0.A;MA0100.2.jaspar;MA0466.3.jaspar;MYB_MOUSE.H11MO.0.A
1h89,MA0100.2.jaspar;MA0466.3.jaspar,CEBPB_HUMAN.H11MO.0.A;MYB_MOUSE.H11MO.0.A,,no,CEBPB_HUMAN.H11MO.0.A;MA0466.3.jaspar;RUNX1_MOUSE.H11MO.0.A,4,CEBPB_HUMAN.H11MO.0.A;MA0100.2.jaspar;MA0466.3.jaspar;MYB_MOUSE.H11MO.0.A
1h8a,MA0466.3.jaspar,CEBPB_HUMAN.H11MO.0.A,,no,CEBPB_HUMAN.H11MO.0.A;MA0466.3.jaspar;RUNX1_MOUSE.H11MO.0.A,2,CEBPB_HUMAN.H11MO.0.A;MA0466.3.jaspar
1h9d,MA0002.2.jaspar,PEBB_HUMAN.H11MO.0.C;RUNX1_HUMAN.H11MO.0.A,,no,ERG_HUMAN.H11MO.0.A;ETS1_HUMAN.H11MO.0.A;FLI1_HUMAN.H11MO.0.A;MA0098.3.jaspar;RUNX1_MOUSE.H11MO.0.A,3,MA0002.2.jaspar;PEBB_HUMAN.H11MO.0.C;RUNX1_HUMAN.H11MO.0.A
1hbx,MA0083.3.jaspar;UN0118.1.jaspar,ELK4_HUMAN.H11MO.0.A;SRF_HUMAN.H11MO.0.A,,no,SRF_HUMAN.H11MO.0.A,4,ELK4_HUMAN.H11MO.0.A;MA0083.3.jaspar;SRF_HUMAN.H11MO.0.A;UN0118.1.jaspar
1hcq,MA0112.3.jaspar,ESR1_HUMAN.H11MO.0.A,,no,,2,ESR1_HUMAN.H11MO.0.A;MA0112.3.jaspar
1hdd,MA0220.1.jaspar,,,no,,1,MA0220.1.jaspar
1hf0,MA0785.1.jaspar;MA1962.1.jaspar,PO2F1_HUMAN.H11MO.0.C,,no,MA0785.1.jaspar,3,MA0785.1.jaspar;MA1962.1.jaspar;PO2F1_HUMAN.H11MO.0.C
1hjb,MA0466.3.jaspar,CEBPB_HUMAN.H11MO.0.A;RUNX1_MOUSE.H11MO.0.A,RUNX1_MOUSE.H11MO.0.A,yes,CEBPB_HUMAN.H11MO.0.A;ERG_HUMAN.H11MO.0.A;ETS1_HUMAN.H11MO.0.A;FLI1_HUMAN.H11MO.0.A;MA0098.3.jaspar;MA0466.3.jaspar;RUNX1_MOUSE.H11MO.0.A,3,CEBPB_HUMAN.H11MO.0.A;MA0466.3.jaspar;RUNX1_MOUSE.H11MO.0.A
1hjc,,RUNX1_MOUSE.H11MO.0.A,,no,ERG_HUMAN.H11MO.0.A;ETS1_HUMAN.H11MO.0.A;FLI1_HUMAN.H11MO.0.A;MA0098.3.jaspar;RUNX1_MOUSE.H11MO.0.A,1,RUNX1_MOUSE.H11MO.0.A
1hlo,MA0058.3.jaspar;MA0059.1.jaspar,MAX_HUMAN.H11MO.0.A,,no,,3,MA0058.3.jaspar;MA0059.1.jaspar;MAX_HUMAN.H11MO.0.A
1hlz,MA1531.1.jaspar,NR1D1_HUMAN.H11MO.0.B,,no,,2,MA1531.1.jaspar;NR1D1_HUMAN.H11MO.0.B
1hry,MA0084.1.jaspar,SRY_HUMAN.H11MO.0.B,,no,,2,MA0084.1.jaspar;SRY_HUMAN.H11MO.0.B
1hrz,MA0084.1.jaspar,SRY_HUMAN.H11MO.0.B,,no,,2,MA0084.1.jaspar;SRY_HUMAN.H11MO.0.B
1ic8,MA0046.2.jaspar,HNF1A_HUMAN.H11MO.0.C,,no,,2,HNF1A_HUMAN.H11MO.0.C;MA0046.2.jaspar
1if1,,IRF1_MOUSE.H11MO.0.A,,no,,1,IRF1_MOUSE.H11MO.0.A
1ign,MA0359.2.jaspar,,,no,,1,MA0359.2.jaspar
1io4,MA0466.3.jaspar,CEBPB_HUMAN.H11MO.0.A;PEBB_MOUSE.H11MO.0.C;RUNX1_MOUSE.H11MO.0.A,,no,CEBPB_HUMAN.H11MO.0.A;ERG_HUMAN.H11MO.0.A;ETS1_HUMAN.H11MO.0.A;FLI1_HUMAN.H11MO.0.A;MA0098.3.jaspar;MA0466.3.jaspar;RUNX1_MOUSE.H11MO.0.A,4,CEBPB_HUMAN.H11MO.0.A;MA0466.3.jaspar;PEBB_MOUSE.H11MO.0.C;RUNX1_MOUSE.H11MO.0.A
1j46,MA0084.1.jaspar,SRY_HUMAN.H11MO.0.B,,no,,2,MA0084.1.jaspar;SRY_HUMAN.H11MO.0.B
1j47,MA0084.1.jaspar,SRY_HUMAN.H11MO.0.B,,no,,2,MA0084.1.jaspar;SRY_HUMAN.H11MO.0.B
1jfi,,TBP_HUMAN.H11MO.0.A,,no,MA0386.1.jaspar,1,TBP_HUMAN.H11MO.0.A
1jgg,MA0221.1.jaspar,,,no,,1,MA0221.1.jaspar
1jk1,MA0162.1.jaspar,EGR1_MOUSE.H11MO.0.A,,no,MA0162.1.jaspar;MA0162.4.jaspar,2,EGR1_MOUSE.H11MO.0.A;MA0162.1.jaspar
1jk2,MA0162.1.jaspar,EGR1_MOUSE.H11MO.0.A,,no,MA0162.1.jaspar;MA0162.4.jaspar,2,EGR1_MOUSE.H11MO.0.A;MA0162.1.jaspar
1jnm,MA0489.1.jaspar;MA1126.1.jaspar,JUN_HUMAN.H11MO.0.A,,no,JUND_HUMAN.H11MO.0.A,3,JUN_HUMAN.H11MO.0.A;MA0489.1.jaspar;MA1126.1.jaspar
1k61,MA0328.2.jaspar,,,no,MA0328.2.jaspar,1,MA0328.2.jaspar
1k6o,MA0083.3.jaspar;UN0118.1.jaspar,ELK4_HUMAN.H11MO.0.A;SRF_HUMAN.H11MO.0.A,,no,SRF_HUMAN.H11MO.0.A,4,ELK4_HUMAN.H11MO.0.A;MA0083.3.jaspar;SRF_HUMAN.H11MO.0.A;UN0118.1.jaspar
1k78,MA0014.3.jaspar;MA0098.2.jaspar,ETS1_MOUSE.H11MO.0.A;PAX5_HUMAN.H11MO.0.A,,no,ETS1_HUMAN.H11MO.0.A;MA0098.3.jaspar;RUNX1_MOUSE.H11MO.0.A,4,ETS1_MOUSE.H11MO.0.A;MA0014.3.jaspar;MA0098.2.jaspar;PAX5_HUMAN.H11MO.0.A
1k79,MA0098.2.jaspar,ETS1_MOUSE.H11MO.0.A,,no,ETS1_HUMAN.H11MO.0.A;MA0098.3.jaspar;RUNX1_MOUSE.H11MO.0.A,2,ETS1_MOUSE.H11MO.0.A;MA0098.2.jaspar
1k7a,MA0098.2.jaspar,ETS1_MOUSE.H11MO.0.A,,no,ETS1_HUMAN.H11MO.0.A;MA0098.3.jaspar;RUNX1_MOUSE.H11MO.0.A,2,ETS1_MOUSE.H11MO.0.A;MA0098.2.jaspar
1kb2,MA0693.2.jaspar,VDR_HUMAN.H11MO.0.A,,no,,2,MA0693.2.jaspar;VDR_HUMAN.H11MO.0.A
1kb4,MA0693.2.jaspar,VDR_HUMAN.H11MO.0.A,,no,,2,MA0693.2.jaspar;VDR_HUMAN.H11MO.0.A
1kb6,MA0693.2.jaspar,VDR_HUMAN.H11MO.0.A,,no,,2,MA0693.2.jaspar;VDR_HUMAN.H11MO.0.A
1le5,,NFKB1_MOUSE.H11MO.0.A;TF65_MOUSE.H11MO.0.A,,no,MA0105.4.jaspar;MA0107.1.jaspar;NFKB1_MOUSE.H11MO.0.A;TF65_MOUSE.H11MO.0.A,2,NFKB1_MOUSE.H11MO.0.A;TF65_MOUSE.H11MO.0.A
1le8,MA0328.2.jaspar,,MA0328.2.jaspar,yes,MA0328.2.jaspar,1,MA0328.2.jaspar
1le9,,NFKB1_MOUSE.H11MO.0.A;TF65_MOUSE.H11MO.0.A,,no,MA0105.4.jaspar;MA0107.1.jaspar;NFKB1_MOUSE.H11MO.0.A;TF65_MOUSE.H11MO.0.A,2,NFKB1_MOUSE.H11MO.0.A;TF65_MOUSE.H11MO.0.A
1lei,,NFKB1_MOUSE.H11MO.0.A;TF65_MOUSE.H11MO.0.A,,no,MA0105.4.jaspar;MA0107.1.jaspar;NFKB1_MOUSE.H11MO.0.A;TF65_MOUSE.H11MO.0.A,2,NFKB1_MOUSE.H11MO.0.A;TF65_MOUSE.H11MO.0.A
1lfu,,PBX1_MOUSE.H11MO.0.A,,no,,1,PBX1_MOUSE.H11MO.0.A
1llm,MA0162.1.jaspar;MA0303.2.jaspar,EGR1_MOUSE.H11MO.0.A,,no,MA0162.1.jaspar;MA0162.4.jaspar,3,EGR1_MOUSE.H11MO.0.A;MA0162.1.jaspar;MA0303.2.jaspar
1lo1,MA0141.3.jaspar,ERR2_HUMAN.H11MO.0.A,,no,,2,ERR2_HUMAN.H11MO.0.A;MA0141.3.jaspar
1mdm,MA0014.3.jaspar;MA0098.2.jaspar,ETS1_MOUSE.H11MO.0.A;PAX5_HUMAN.H11MO.0.A,,no,ETS1_HUMAN.H11MO.0.A;MA0098.3.jaspar;RUNX1_MOUSE.H11MO.0.A,4,ETS1_MOUSE.H11MO.0.A;MA0014.3.jaspar;MA0098.2.jaspar;PAX5_HUMAN.H11MO.0.A
1mdy,MA0499.1.jaspar,MYOD1_MOUSE.H11MO.0.A,,no,,2,MA0499.1.jaspar;MYOD1_MOUSE.H11MO.0.A
1mhd,MA0795.1.jaspar,SMAD3_HUMAN.H11MO.0.B,,no,,2,MA0795.1.jaspar;SMAD3_HUMAN.H11MO.0.B
1mnm,MA0328.2.jaspar;MA0331.1.jaspar,,,no,MA0328.2.jaspar,2,MA0328.2.jaspar;MA0331.1.jaspar
1mnn,MA0343.1.jaspar,,,no,MA0343.1.jaspar,1,MA0343.1.jaspar
1mse,MA0100.2.jaspar,MYB_MOUSE.H11MO.0.A,,no,,2,MA0100.2.jaspar;MYB_MOUSE.H11MO.0.A
1msf,MA0100.2.jaspar,MYB_MOUSE.H11MO.0.A,,no,,2,MA0100.2.jaspar;MYB_MOUSE.H11MO.0.A
1n6j,MA0660.1.jaspar,MEF2B_HUMAN.H11MO.0.A,MA0660.1.jaspar;MEF2B_HUMAN.H11MO.0.A,yes,MA0660.1.jaspar;MEF2A_HUMAN.H11MO.0.A;MEF2B_HUMAN.H11MO.0.A,2,MA0660.1.jaspar;MEF2B_HUMAN.H11MO.0.A
1nfk,,NFKB1_MOUSE.H11MO.0.A,,no,MA0105.4.jaspar;MA0107.1.jaspar;NFKB1_MOUSE.H11MO.0.A;TF65_MOUSE.H11MO.0.A,1,NFKB1_MOUSE.H11MO.0.A
1ngm,MA0386.1.jaspar,,,no,MA0386.1.jaspar,1,MA0386.1.jaspar
1nh2,MA0386.1.jaspar,,,no,MA0386.1.jaspar,1,MA0386.1.jaspar
1nk2,MA0253.1.jaspar,,,no,,1,MA0253.1.jaspar
1nk3,MA0253.1.jaspar,,,no,,1,MA0253.1.jaspar
1nkp,MA0058.3.jaspar;MA0059.1.jaspar;MA0147.3.jaspar,MAX_HUMAN.H11MO.0.A;MYC_HUMAN.H11MO.0.A,,no,,5,MA0058.3.jaspar;MA0059.1.jaspar;MA0147.3.jaspar;MAX_HUMAN.H11MO.0.A;MYC_HUMAN.H11MO.0.A
1nlw,MA0058.3.jaspar;MA0059.1.jaspar,MAX_HUMAN.H11MO.0.A,,no,,3,MA0058.3.jaspar;MA0059.1.jaspar;MAX_HUMAN.H11MO.0.A
1nvp,,TBP_HUMAN.H11MO.0.A,,no,MA0386.1.jaspar,1,TBP_HUMAN.H11MO.0.A
1o4x,MA0143.4.jaspar;MA0785.1.jaspar;MA1962.1.jaspar,PO2F1_HUMAN.H11MO.0.C;SOX2_HUMAN.H11MO.0.A,,no,MA0785.1.jaspar,5,MA0143.4.jaspar;MA0785.1.jaspar;MA1962.1.jaspar;PO2F1_HUMAN.H11MO.0.C;SOX2_HUMAN.H11MO.0.A
1oct,MA0785.1.jaspar;MA1962.1.jaspar,PO2F1_HUMAN.H11MO.0.C,,no,MA0785.1.jaspar,3,MA0785.1.jaspar;MA1962.1.jaspar;PO2F1_HUMAN.H11MO.0.C
1owr,MA0152.1.jaspar,NFAC2_HUMAN.H11MO.0.B,,no,MA0152.1.jaspar;NFAC2_HUMAN.H11MO.0.B,2,MA0152.1.jaspar;NFAC2_HUMAN.H11MO.0.B
1ozj,MA0795.1.jaspar,SMAD3_HUMAN.H11MO.0.B,,no,,2,MA0795.1.jaspar;SMAD3_HUMAN.H11MO.0.B
1p47,MA0162.1.jaspar,EGR1_MOUSE.H11MO.0.A,,no,MA0162.1.jaspar;MA0162.4.jaspar,2,EGR1_MOUSE.H11MO.0.A;MA0162.1.jaspar
1p7h,MA0152.1.jaspar,NFAC2_HUMAN.H11MO.0.B,,no,MA0152.1.jaspar;NFAC2_HUMAN.H11MO.0.B,2,MA0152.1.jaspar;NFAC2_HUMAN.H11MO.0.B
1pue,MA0080.3.jaspar,SPI1_MOUSE.H11MO.0.A,,no,,2,MA0080.3.jaspar;SPI1_MOUSE.H11MO.0.A
1puf,MA0070.1.jaspar;MA0594.1.jaspar,HXA9_MOUSE.H11MO.0.B;PBX1_HUMAN.H11MO.0.A,,no,,4,HXA9_MOUSE.H11MO.0.B;MA0070.1.jaspar;MA0594.1.jaspar;PBX1_HUMAN.H11MO.0.A
1pzu,MA0152.1.jaspar,NFAC2_HUMAN.H11MO.0.B,MA0152.1.jaspar;NFAC2_HUMAN.H11MO.0.B,yes,MA0152.1.jaspar;NFAC2_HUMAN.H11MO.0.B,2,MA0152.1.jaspar;NFAC2_HUMAN.H11MO.0.B
1r0n,MA0065.1.jaspar;MA0074.1.jaspar;MA0115.1.jaspar;MA0159.1.jaspar,RXRA_HUMAN.H11MO.0.A,MA0115.1.jaspar,yes,MA0065.1.jaspar;MA0115.1.jaspar;RXRA_HUMAN.H11MO.0.A,5,MA0065.1.jaspar;MA0074.1.jaspar;MA0115.1.jaspar;MA0159.1.jaspar;RXRA_HUMAN.H11MO.0.A
1r0o,MA0534.1.jaspar,,,no,,1,MA0534.1.jaspar
1ram,,TF65_MOUSE.H11MO.0.A,TF65_MOUSE.H11MO.0.A,yes,MA0105.4.jaspar;MA0107.1.jaspar;NFKB1_MOUSE.H11MO.0.A;TF65_MOUSE.H11MO.0.A,1,TF65_MOUSE.H11MO.0.A
1rm1,MA0386.1.jaspar,,,no,MA0386.1.jaspar,1,MA0386.1.jaspar
1s9k,MA0152.1.jaspar;MA0489.1.jaspar;MA1126.1.jaspar;MA1951.1.jaspar,FOS_HUMAN.H11MO.0.A;JUN_HUMAN.H11MO.0.A;NFAC2_HUMAN.H11MO.0.B,,no,JUND_HUMAN.H11MO.0.A;MA0152.1.jaspar;NFAC2_HUMAN.H11MO.0.B,7,FOS_HUMAN.H11MO.0.A;JUN_HUMAN.H11MO.0.A;MA0152.1.jaspar;MA0489.1.jaspar;MA1126.1.jaspar;MA1951.1.jaspar;NFAC2_HUMAN.H11MO.0.B
1skn,MA0547.1.jaspar,,,no,,1,MA0547.1.jaspar
1srs,MA0083.3.jaspar,SRF_HUMAN.H11MO.0.A,SRF_HUMAN.H11MO.0.A,yes,SRF_HUMAN.H11MO.0.A,2,MA0083.3.jaspar;SRF_HUMAN.H11MO.0.A
1svc,MA0105.4.jaspar,NFKB1_HUMAN.H11MO.1.B,,no,MA0105.4.jaspar;MA0107.1.jaspar;NFKB1_MOUSE.H11MO.0.A;TF65_MOUSE.H11MO.0.A,2,MA0105.4.jaspar;NFKB1_HUMAN.H11MO.1.B
1t2k,MA0489.1.jaspar;MA1126.1.jaspar;MA1418.1.jaspar;MA1632.1.jaspar,ATF2_HUMAN.H11MO.0.B;IRF3_HUMAN.H11MO.0.B;JUN_HUMAN.H11MO.0.A,,no,JUND_HUMAN.H11MO.0.A,7,ATF2_HUMAN.H11MO.0.B;IRF3_HUMAN.H11MO.0.B;JUN_HUMAN.H11MO.0.A;MA0489.1.jaspar;MA1126.1.jaspar;MA1418.1.jaspar;MA1632.1.jaspar
1tgh,,TBP_HUMAN.H11MO.0.A,,no,MA0386.1.jaspar,1,TBP_HUMAN.H11MO.0.A
1tqe,MA0660.1.jaspar,MEF2B_HUMAN.H11MO.0.A,,no,MA0660.1.jaspar;MEF2A_HUMAN.H11MO.0.A;MEF2B_HUMAN.H11MO.0.A,2,MA0660.1.jaspar;MEF2B_HUMAN.H11MO.0.A
1tsr,MA0106.3.jaspar,P53_HUMAN.H11MO.0.A,,no,MA0106.3.jaspar;P53_HUMAN.H11MO.0.A,2,MA0106.3.jaspar;P53_HUMAN.H11MO.0.A
1tup,MA0106.3.jaspar,P53_HUMAN.H11MO.0.A,,no,MA0106.3.jaspar;P53_HUMAN.H11MO.0.A,2,MA0106.3.jaspar;P53_HUMAN.H11MO.0.A
1ubd,MA0095.2.jaspar,TYY1_HUMAN.H11MO.0.A,,no,,2,MA0095.2.jaspar;TYY1_HUMAN.H11MO.0.A
1vkx,,NFKB1_MOUSE.H11MO.0.A;TF65_MOUSE.H11MO.0.A,NFKB1_MOUSE.H11MO.0.A;TF65_MOUSE.H11MO.0.A,yes,MA0105.4.jaspar;MA0107.1.jaspar;NFKB1_MOUSE.H11MO.0.A;TF65_MOUSE.H11MO.0.A,2,NFKB1_MOUSE.H11MO.0.A;TF65_MOUSE.H11MO.0.A
1vtn,MA1683.1.jaspar,FOXA3_HUMAN.H11MO.0.B,,no,,2,FOXA3_HUMAN.H11MO.0.B;MA1683.1.jaspar
1ynw,MA0065.1.jaspar;MA0074.1.jaspar;MA0115.1.jaspar;MA0159.1.jaspar;MA0693.2.jaspar,RXRA_HUMAN.H11MO.0.A;VDR_HUMAN.H11MO.0.A,,no,MA0065.1.jaspar;MA0115.1.jaspar;RXRA_HUMAN.H11MO.0.A,7,MA0065.1.jaspar;MA0074.1.jaspar;MA0115.1.jaspar;MA0159.1.jaspar;MA0693.2.jaspar;RXRA_HUMAN.H11MO.0.A;VDR_HUMAN.H11MO.0.A
1yo5,MA0686.1.jaspar,,,no,,1,MA0686.1.jaspar
1yrn,MA0328.2.jaspar,,,no,MA0328.2.jaspar,1,MA0328.2.jaspar
1ysa,MA0303.2.jaspar,,,no,,1,MA0303.2.jaspar
1ytb,MA0386.1.jaspar,,,no,MA0386.1.jaspar,1,MA0386.1.jaspar
1ytf,MA0386.1.jaspar,,,no,MA0386.1.jaspar,1,MA0386.1.jaspar
1yui,MA0205.2.jaspar,,,no,,1,MA0205.2.jaspar
1yuj,MA0205.2.jaspar,,,no,,1,MA0205.2.jaspar
1zaa,MA0162.1.jaspar,EGR1_MOUSE.H11MO.0.A,,no,MA0162.1.jaspar;MA0162.4.jaspar,2,EGR1_MOUSE.H11MO.0.A;MA0162.1.jaspar
1zme,MA0358.1.jaspar,,,no,,1,MA0358.1.jaspar
1zq3,MA0212.1.jaspar,,,no,,1,MA0212.1.jaspar
2a07,MA0593.1.jaspar,FOXP2_HUMAN.H11MO.0.C,,no,,2,FOXP2_HUMAN.H11MO.0.C;MA0593.1.jaspar
2a66,,NR5A2_HUMAN.H11MO.0.B,,no,,1,NR5A2_HUMAN.H11MO.0.B
2ac0,MA0106.3.jaspar,P53_HUMAN.H11MO.0.A,,no,MA0106.3.jaspar;P53_HUMAN.H11MO.0.A,2,MA0106.3.jaspar;P53_HUMAN.H11MO.0.A
2ady,MA0106.3.jaspar,P53_HUMAN.H11MO.0.A,MA0106.3.jaspar,yes,MA0106.3.jaspar;P53_HUMAN.H11MO.0.A,2,MA0106.3.jaspar;P53_HUMAN.H11MO.0.A
2ahi,MA0106.3.jaspar,P53_HUMAN.H11MO.0.A,,no,MA0106.3.jaspar;P53_HUMAN.H11MO.0.A,2,MA0106.3.jaspar;P53_HUMAN.H11MO.0.A
2as5,MA0152.1.jaspar;MA0593.1.jaspar,FOXP2_HUMAN.H11MO.0.C;NFAC2_HUMAN.H11MO.0.B,,no,MA0152.1.jaspar;NFAC2_HUMAN.H11MO.0.B,4,FOXP2_HUMAN.H11MO.0.C;MA0152.1.jaspar;MA0593.1.jaspar;NFAC2_HUMAN.H11MO.0.B
2ata,MA0106.3.jaspar,P53_HUMAN.H11MO.0.A,,no,MA0106.3.jaspar;P53_HUMAN.H11MO.0.A,2,MA0106.3.jaspar;P53_HUMAN.H11MO.0.A
2c6y,MA1103.2.jaspar,,,no,,1,MA1103.2.jaspar
2c7a,,PRGR_HUMAN.H11MO.0.A,,no,,1,PRGR_HUMAN.H11MO.0.A
2dgc,MA0303.2.jaspar,,,no,,1,MA0303.2.jaspar
2drp,MA0460.1.jaspar,,,no,,1,MA0460.1.jaspar
2e42,MA0466.3.jaspar,CEBPB_HUMAN.H11MO.0.A,CEBPB_HUMAN.H11MO.0.A,yes,CEBPB_HUMAN.H11MO.0.A;MA0466.3.jaspar;RUNX1_MOUSE.H11MO.0.A,2,CEBPB_HUMAN.H11MO.0.A;MA0466.3.jaspar
2e43,MA0466.3.jaspar,CEBPB_HUMAN.H11MO.0.A,,no,CEBPB_HUMAN.H11MO.0.A;MA0466.3.jaspar;RUNX1_MOUSE.H11MO.0.A,2,CEBPB_HUMAN.H11MO.0.A;MA0466.3.jaspar
2er8,MA0324.1.jaspar,,,no,MA0324.1.jaspar,1,MA0324.1.jaspar
2ere,MA0324.1.jaspar,,,no,MA0324.1.jaspar,1,MA0324.1.jaspar
2erg,MA0324.1.jaspar,,MA0324.1.jaspar,yes,MA0324.1.jaspar,1,MA0324.1.jaspar
2etw,MA0343.1.jaspar,,MA0343.1.jaspar,yes,MA0343.1.jaspar,1,MA0343.1.jaspar
2euv,MA0343.1.jaspar,,,no,MA0343.1.jaspar,1,MA0343.1.jaspar
2euw,MA0343.1.jaspar,,,no,MA0343.1.jaspar,1,MA0343.1.jaspar
2eux,MA0343.1.jaspar,,,no,MA0343.1.jaspar,1,MA0343.1.jaspar
2euz,MA0343.1.jaspar,,MA0343.1.jaspar,yes,MA0343.1.jaspar,1,MA0343.1.jaspar
2evf,MA0343.1.jaspar,,MA0343.1.jaspar,yes,MA0343.1.jaspar,1,MA0343.1.jaspar
2evg,MA0343.1.jaspar,,,no,MA0343.1.jaspar,1,MA0343.1.jaspar
2evh,MA0343.1.jaspar,,,no,MA0343.1.jaspar,1,MA0343.1.jaspar
2evi,MA0343.1.jaspar,,MA0343.1.jaspar,yes,MA0343.1.jaspar,1,MA0343.1.jaspar
2evj,MA0343.1.jaspar,,MA0343.1.jaspar,yes,MA0343.1.jaspar,1,MA0343.1.jaspar
2f8x,MA1116.1.jaspar,SUH_HUMAN.H11MO.0.A,,no,MA1116.1.jaspar;SUH_MOUSE.H11MO.0.A,2,MA1116.1.jaspar;SUH_HUMAN.H11MO.0.A
2ff0,,STF1_MOUSE.H11MO.0.B,,no,,1,STF1_MOUSE.H11MO.0.B
2geq,,P53_MOUSE.H11MO.0.A,,no,,1,P53_MOUSE.H11MO.0.A
2glo,MA0213.1.jaspar,,,no,,1,MA0213.1.jaspar
2gzk,MA0084.1.jaspar,SRY_HUMAN.H11MO.0.B,,no,,2,MA0084.1.jaspar;SRY_HUMAN.H11MO.0.B
2h8r,MA0153.2.jaspar,HNF1B_HUMAN.H11MO.0.A,,no,,2,HNF1B_HUMAN.H11MO.0.A;MA0153.2.jaspar
2han,MA0534.1.jaspar,,,no,,1,MA0534.1.jaspar
2hdc,MA0041.1.jaspar,,,no,,1,MA0041.1.jaspar
2hdd,MA0220.1.jaspar,,,no,,1,MA0220.1.jaspar
2hos,MA0220.1.jaspar,,,no,,1,MA0220.1.jaspar
2hot,MA0220.1.jaspar,,,no,,1,MA0220.1.jaspar
2i9t,,NFKB1_MOUSE.H11MO.0.A;TF65_MOUSE.H11MO.0.A,NFKB1_MOUSE.H11MO.0.A;TF65_MOUSE.H11MO.0.A,yes,MA0105.4.jaspar;MA0107.1.jaspar;NFKB1_MOUSE.H11MO.0.A;TF65_MOUSE.H11MO.0.A,2,NFKB1_MOUSE.H11MO.0.A;TF65_MOUSE.H11MO.0.A
2irf,,IRF2_MOUSE.H11MO.0.B,,no,,1,IRF2_MOUSE.H11MO.0.B
2jp9,,WT1_HUMAN.H11MO.0.C,,no,WT1_HUMAN.H11MO.0.C,1,WT1_HUMAN.H11MO.0.C
2jpa,,WT1_HUMAN.H11MO.0.C,,no,WT1_HUMAN.H11MO.0.C,1,WT1_HUMAN.H11MO.0.C
2ko0,MA0597.1.jaspar,THAP1_HUMAN.H11MO.0.C,,no,,2,MA0597.1.jaspar;THAP1_HUMAN.H11MO.0.C
2l1g,MA0597.1.jaspar,THAP1_HUMAN.H11MO.0.C,,no,,2,MA0597.1.jaspar;THAP1_HUMAN.H11MO.0.C
2ld5,,HXA13_MOUSE.H11MO.0.C,,no,,1,HXA13_MOUSE.H11MO.0.C
2lef,,LEF1_MOUSE.H11MO.0.B,,no,,1,LEF1_MOUSE.H11MO.0.B
2lkx,MA1547.2.jaspar,,,no,,1,MA1547.2.jaspar
2lt7,MA0527.1.jaspar,KAISO_HUMAN.H11MO.0.A,MA0527.1.jaspar,yes,KAISO_HUMAN.H11MO.0.A;MA0527.1.jaspar,2,KAISO_HUMAN.H11MO.0.A;MA0527.1.jaspar
2me6,MA0889.1.jaspar,,,no,,1,MA0889.1.jaspar
2nll,MA0065.1.jaspar;MA0074.1.jaspar;MA0115.1.jaspar;MA0159.1.jaspar;MA1576.1.jaspar,RXRA_HUMAN.H11MO.0.A;THB_HUMAN.H11MO.0.C,,no,MA0065.1.jaspar;MA0115.1.jaspar;RXRA_HUMAN.H11MO.0.A,7,MA0065.1.jaspar;MA0074.1.jaspar;MA0115.1.jaspar;MA0159.1.jaspar;MA1576.1.jaspar;RXRA_HUMAN.H11MO.0.A;THB_HUMAN.H11MO.0.C
2nny,MA0098.3.jaspar,ETS1_HUMAN.H11MO.0.A,,no,ETS1_HUMAN.H11MO.0.A;MA0098.3.jaspar;RUNX1_MOUSE.H11MO.0.A,2,ETS1_HUMAN.H11MO.0.A;MA0098.3.jaspar
2o61,MA0105.4.jaspar;MA0107.1.jaspar;MA1418.1.jaspar,IRF3_HUMAN.H11MO.0.B;IRF7_HUMAN.H11MO.0.C;NFKB1_HUMAN.H11MO.1.B;TF65_HUMAN.H11MO.0.A,,no,MA0105.4.jaspar;MA0107.1.jaspar;NFKB1_MOUSE.H11MO.0.A;TF65_MOUSE.H11MO.0.A,7,IRF3_HUMAN.H11MO.0.B;IRF7_HUMAN.H11MO.0.C;MA0105.4.jaspar;MA0107.1.jaspar;MA1418.1.jaspar;NFKB1_HUMAN.H11MO.1.B;TF65_HUMAN.H11MO.0.A
2o6g,MA1418.1.jaspar,IRF3_HUMAN.H11MO.0.B,,no,,2,IRF3_HUMAN.H11MO.0.B;MA1418.1.jaspar
2o93,MA0152.1.jaspar,NFAC2_HUMAN.H11MO.0.B,,no,MA0152.1.jaspar;NFAC2_HUMAN.H11MO.0.B,2,MA0152.1.jaspar;NFAC2_HUMAN.H11MO.0.B
2oeh,,ARI5B_HUMAN.H11MO.0.C,,no,,1,ARI5B_HUMAN.H11MO.0.C
2pi0,MA1418.1.jaspar,IRF3_HUMAN.H11MO.0.B,,no,,2,IRF3_HUMAN.H11MO.0.B;MA1418.1.jaspar
2prt,,WT1_HUMAN.H11MO.0.C,,no,WT1_HUMAN.H11MO.0.C,1,WT1_HUMAN.H11MO.0.C
2ql2,,NDF1_MOUSE.H11MO.0.A;TFE2_MOUSE.H11MO.0.A,,no,,2,NDF1_MOUSE.H11MO.0.A;TFE2_MOUSE.H11MO.0.A
2r5y,MA0203.1.jaspar;MA0222.1.jaspar,,,no,,2,MA0203.1.jaspar;MA0222.1.jaspar
2r5z,MA0203.1.jaspar;MA0222.1.jaspar,,,no,,2,MA0203.1.jaspar;MA0222.1.jaspar
2ram,,TF65_MOUSE.H11MO.0.A,,no,MA0105.4.jaspar;MA0107.1.jaspar;NFKB1_MOUSE.H11MO.0.A;TF65_MOUSE.H11MO.0.A,1,TF65_MOUSE.H11MO.0.A
2stt,MA0098.3.jaspar,ETS1_HUMAN.H11MO.0.A,,no,ETS1_HUMAN.H11MO.0.A;MA0098.3.jaspar;RUNX1_MOUSE.H11MO.0.A,2,ETS1_HUMAN.H11MO.0.A;MA0098.3.jaspar
2stw,MA0098.3.jaspar,ETS1_HUMAN.H11MO.0.A,,no,ETS1_HUMAN.H11MO.0.A;MA0098.3.jaspar;RUNX1_MOUSE.H11MO.0.A,2,ETS1_HUMAN.H11MO.0.A;MA0098.3.jaspar
2uzk,MA0157.2.jaspar,FOXO3_HUMAN.H11MO.0.B,,no,FOXO1_HUMAN.H11MO.0.A,2,FOXO3_HUMAN.H11MO.0.B;MA0157.2.jaspar
2v2t,,NFKB1_MOUSE.H11MO.0.A;RELB_MOUSE.H11MO.0.C,,no,MA0105.4.jaspar;MA0107.1.jaspar;NFKB1_MOUSE.H11MO.0.A;TF65_MOUSE.H11MO.0.A,2,NFKB1_MOUSE.H11MO.0.A;RELB_MOUSE.H11MO.0.C
2vy1,MA0590.1.jaspar,,,no,,1,MA0590.1.jaspar
2vy2,MA0590.1.jaspar,,,no,,1,MA0590.1.jaspar
2wbs,MA0039.2.jaspar,KLF4_MOUSE.H11MO.0.A,,no,KLF4_MOUSE.H11MO.0.A;MA0039.2.jaspar,2,KLF4_MOUSE.H11MO.0.A;MA0039.2.jaspar
2wbu,MA0039.2.jaspar,KLF4_MOUSE.H11MO.0.A,KLF4_MOUSE.H11MO.0.A,yes,KLF4_MOUSE.H11MO.0.A;MA0039.2.jaspar,2,KLF4_MOUSE.H11MO.0.A;MA0039.2.jaspar
2wt7,MA0099.1.jaspar;MA0117.2.jaspar,FOS_MOUSE.H11MO.0.A;MAFB_MOUSE.H11MO.0.B,,no,MA0117.2.jaspar,4,FOS_MOUSE.H11MO.0.A;MA0099.1.jaspar;MA0117.2.jaspar;MAFB_MOUSE.H11MO.0.B
2wty,MA0117.2.jaspar,MAFB_MOUSE.H11MO.0.B,MA0117.2.jaspar,yes,MA0117.2.jaspar,2,MA0117.2.jaspar;MAFB_MOUSE.H11MO.0.B
2x6v,MA0807.1.jaspar,,,no,,1,MA0807.1.jaspar
2xsd,,PO3F1_MOUSE.H11MO.0.C,,no,,1,PO3F1_MOUSE.H11MO.0.C
2ypa,MA0091.1.jaspar;MA0522.3.jaspar,TAL1_HUMAN.H11MO.0.A;TFE2_HUMAN.H11MO.0.A,,no,,4,MA0091.1.jaspar;MA0522.3.jaspar;TAL1_HUMAN.H11MO.0.A;TFE2_HUMAN.H11MO.0.A
2ypb,MA0091.1.jaspar;MA0522.3.jaspar,TAL1_HUMAN.H11MO.0.A;TFE2_HUMAN.H11MO.0.A,,no,,4,MA0091.1.jaspar;MA0522.3.jaspar;TAL1_HUMAN.H11MO.0.A;TFE2_HUMAN.H11MO.0.A
3a01,MA0208.1.jaspar,,,no,,1,MA0208.1.jaspar
3a5t,,MAFG_MOUSE.H11MO.0.A,,no,,1,MAFG_MOUSE.H11MO.0.A
3brg,,SUH_MOUSE.H11MO.0.A,,no,MA1116.1.jaspar;SUH_MOUSE.H11MO.0.A,1,SUH_MOUSE.H11MO.0.A
3c2i,,MECP2_HUMAN.H11MO.0.C,,no,,1,MECP2_HUMAN.H11MO.0.C
3cbb,MA1494.1.jaspar,HNF4A_HUMAN.H11MO.0.A,,no,,2,HNF4A_HUMAN.H11MO.0.A;MA1494.1.jaspar
3cmy,MA1546.1.jaspar,,,no,,1,MA1546.1.jaspar
3co6,,FOXO1_HUMAN.H11MO.0.A,,no,FOXO1_HUMAN.H11MO.0.A,1,FOXO1_HUMAN.H11MO.0.A
3co7,,FOXO1_HUMAN.H11MO.0.A,,no,FOXO1_HUMAN.H11MO.0.A,1,FOXO1_HUMAN.H11MO.0.A
3coa,,FOXO1_HUMAN.H11MO.0.A,FOXO1_HUMAN.H11MO.0.A,yes,FOXO1_HUMAN.H11MO.0.A,1,FOXO1_HUMAN.H11MO.0.A
3coq,MA0299.1.jaspar,,,no,,1,MA0299.1.jaspar
3d0a,MA0106.3.jaspar,P53_HUMAN.H11MO.0.A,,no,MA0106.3.jaspar;P53_HUMAN.H11MO.0.A,2,MA0106.3.jaspar;P53_HUMAN.H11MO.0.A
3d1n,MA1549.1.jaspar,,,no,,1,MA1549.1.jaspar
3dfv,,GATA3_MOUSE.H11MO.0.A,,no,,1,GATA3_MOUSE.H11MO.0.A
3dfx,,GATA3_MOUSE.H11MO.0.A,,no,,1,GATA3_MOUSE.H11MO.0.A
3do7,MA0778.1.jaspar,NFKB2_HUMAN.H11MO.0.B;RELB_MOUSE.H11MO.0.C,,no,MA0778.1.jaspar;NFKB2_HUMAN.H11MO.0.B,3,MA0778.1.jaspar;NFKB2_HUMAN.H11MO.0.B;RELB_MOUSE.H11MO.0.C
3dzu,MA0065.1.jaspar;MA0066.1.jaspar;MA0074.1.jaspar;MA0115.1.jaspar;MA0159.1.jaspar,PPARG_HUMAN.H11MO.0.A;RXRA_HUMAN.H11MO.0.A,,no,MA0065.1.jaspar;MA0115.1.jaspar;RXRA_HUMAN.H11MO.0.A,7,MA0065.1.jaspar;MA0066.1.jaspar;MA0074.1.jaspar;MA0115.1.jaspar;MA0159.1.jaspar;PPARG_HUMAN.H11MO.0.A;RXRA_HUMAN.H11MO.0.A
3dzy,MA0065.1.jaspar;MA0066.1.jaspar;MA0074.1.jaspar;MA0115.1.jaspar;MA0159.1.jaspar,PPARG_HUMAN.H11MO.0.A;RXRA_HUMAN.H11MO.0.A,,no,MA0065.1.jaspar;MA0115.1.jaspar;RXRA_HUMAN.H11MO.0.A,7,MA0065.1.jaspar;MA0066.1.jaspar;MA0074.1.jaspar;MA0115.1.jaspar;MA0159.1.jaspar;PPARG_HUMAN.H11MO.0.A;RXRA_HUMAN.H11MO.0.A
3e00,MA0065.1.jaspar;MA0066.1.jaspar;MA0074.1.jaspar;MA0115.1.jaspar;MA0159.1.jaspar,PPARG_HUMAN.H11MO.0.A;RXRA_HUMAN.H11MO.0.A,,no,MA0065.1.jaspar;MA0115.1.jaspar;RXRA_HUMAN.H11MO.0.A,7,MA0065.1.jaspar;MA0066.1.jaspar;MA0074.1.jaspar;MA0115.1.jaspar;MA0159.1.jaspar;PPARG_HUMAN.H11MO.0.A;RXRA_HUMAN.H11MO.0.A
3exj,,P53_MOUSE.H11MO.0.A,,no,,1,P53_MOUSE.H11MO.0.A
3exl,,P53_MOUSE.H11MO.0.A,,no,,1,P53_MOUSE.H11MO.0.A
3f27,MA0078.1.jaspar,,,no,,1,MA0078.1.jaspar
3g73,,FOXM1_HUMAN.H11MO.0.A,,no,,1,FOXM1_HUMAN.H11MO.0.A
3gut,MA0105.4.jaspar;MA0107.1.jaspar,NFKB1_HUMAN.H11MO.1.B;TF65_HUMAN.H11MO.0.A,MA0105.4.jaspar;MA0107.1.jaspar,yes,MA0105.4.jaspar;MA0107.1.jaspar;NFKB1_MOUSE.H11MO.0.A;TF65_MOUSE.H11MO.0.A,4,MA0105.4.jaspar;MA0107.1.jaspar;NFKB1_HUMAN.H11MO.1.B;TF65_HUMAN.H11MO.0.A
3hdd,MA0220.1.jaspar,,,no,,1,MA0220.1.jaspar
3iag,,SUH_MOUSE.H11MO.0.A,SUH_MOUSE.H11MO.0.A,yes,MA1116.1.jaspar;SUH_MOUSE.H11MO.0.A,1,SUH_MOUSE.H11MO.0.A
3igk,MA0106.3.jaspar,P53_HUMAN.H11MO.0.A,,no,MA0106.3.jaspar;P53_HUMAN.H11MO.0.A,2,MA0106.3.jaspar;P53_HUMAN.H11MO.0.A
3igl,MA0106.3.jaspar,P53_HUMAN.H11MO.0.A,,no,MA0106.3.jaspar;P53_HUMAN.H11MO.0.A,2,MA0106.3.jaspar;P53_HUMAN.H11MO.0.A
3jtg,,ELF3_MOUSE.H11MO.0.B,,no,,1,ELF3_MOUSE.H11MO.0.B
3kmd,MA0106.3.jaspar,P53_HUMAN.H11MO.0.A,,no,MA0106.3.jaspar;P53_HUMAN.H11MO.0.A,2,MA0106.3.jaspar;P53_HUMAN.H11MO.0.A
3kov,MA0052.4.jaspar,MEF2A_HUMAN.H11MO.0.A,MA0052.4.jaspar;MEF2A_HUMAN.H11MO.0.A,yes,MA0052.4.jaspar;MA0660.1.jaspar;MEF2A_HUMAN.H11MO.0.A,2,MA0052.4.jaspar;MEF2A_HUMAN.H11MO.0.A
3kz8,MA0106.3.jaspar,P53_HUMAN.H11MO.0.A,,no,MA0106.3.jaspar;P53_HUMAN.H11MO.0.A,2,MA0106.3.jaspar;P53_HUMAN.H11MO.0.A
3l1p,MA0142.1.jaspar,PO5F1_MOUSE.H11MO.0.A,,no,,2,MA0142.1.jaspar;PO5F1_MOUSE.H11MO.0.A
3l2c,MA0848.1.jaspar,FOXO4_HUMAN.H11MO.0.C,,no,,2,FOXO4_HUMAN.H11MO.0.C;MA0848.1.jaspar
3lnq,MA0208.1.jaspar,,,no,,1,MA0208.1.jaspar
3mfk,MA0098.3.jaspar,ETS1_HUMAN.H11MO.0.A,,no,ETS1_HUMAN.H11MO.0.A;MA0098.3.jaspar;RUNX1_MOUSE.H11MO.0.A,2,ETS1_HUMAN.H11MO.0.A;MA0098.3.jaspar
3mln,MA0154.1.jaspar,COE1_MOUSE.H11MO.0.A,,no,,2,COE1_MOUSE.H11MO.0.A;MA0154.1.jaspar
3mlo,MA0154.1.jaspar,COE1_MOUSE.H11MO.0.A,,no,,2,COE1_MOUSE.H11MO.0.A;MA0154.1.jaspar
3mlp,MA0154.1.jaspar,COE1_MOUSE.H11MO.0.A,,no,,2,COE1_MOUSE.H11MO.0.A;MA0154.1.jaspar
3mu6,MA0052.4.jaspar,MEF2A_HUMAN.H11MO.0.A,,no,MA0052.4.jaspar;MA0660.1.jaspar;MEF2A_HUMAN.H11MO.0.A,2,MA0052.4.jaspar;MEF2A_HUMAN.H11MO.0.A
3nbn,MA1116.1.jaspar,SUH_HUMAN.H11MO.0.A,,no,MA1116.1.jaspar;SUH_MOUSE.H11MO.0.A,2,MA1116.1.jaspar;SUH_HUMAN.H11MO.0.A
3p57,MA0052.4.jaspar,MEF2A_HUMAN.H11MO.0.A,,no,MA0052.4.jaspar;MA0660.1.jaspar;MEF2A_HUMAN.H11MO.0.A,2,MA0052.4.jaspar;MEF2A_HUMAN.H11MO.0.A
3q05,MA0106.3.jaspar,P53_HUMAN.H11MO.0.A,P53_HUMAN.H11MO.0.A,yes,MA0106.3.jaspar;P53_HUMAN.H11MO.0.A,2,MA0106.3.jaspar;P53_HUMAN.H11MO.0.A
3q06,MA0106.3.jaspar,P53_HUMAN.H11MO.0.A,,no,MA0106.3.jaspar;P53_HUMAN.H11MO.0.A,2,MA0106.3.jaspar;P53_HUMAN.H11MO.0.A
3qrf,MA0152.1.jaspar,NFAC2_HUMAN.H11MO.0.B,,no,MA0152.1.jaspar;NFAC2_HUMAN.H11MO.0.B,2,MA0152.1.jaspar;NFAC2_HUMAN.H11MO.0.B
3qsv,MA1153.1.jaspar,SMAD4_MOUSE.H11MO.0.A,,no,,2,MA1153.1.jaspar;SMAD4_MOUSE.H11MO.0.A
3qym,MA0525.2.jaspar,P63_HUMAN.H11MO.0.A,,no,MA0106.3.jaspar;P53_HUMAN.H11MO.0.A,2,MA0525.2.jaspar;P63_HUMAN.H11MO.0.A
3qyn,MA0525.2.jaspar,P63_HUMAN.H11MO.0.A,,no,MA0106.3.jaspar;P53_HUMAN.H11MO.0.A,2,MA0525.2.jaspar;P63_HUMAN.H11MO.0.A
3ri4,MA0098.3.jaspar,ETS1_HUMAN.H11MO.0.A,,no,ETS1_HUMAN.H11MO.0.A;MA0098.3.jaspar;RUNX1_MOUSE.H11MO.0.A,2,ETS1_HUMAN.H11MO.0.A;MA0098.3.jaspar
3rkq,MA0063.2.jaspar,NKX25_HUMAN.H11MO.0.B,,no,,2,MA0063.2.jaspar;NKX25_HUMAN.H11MO.0.B
3ts8,MA0106.3.jaspar,P53_HUMAN.H11MO.0.A,,no,MA0106.3.jaspar;P53_HUMAN.H11MO.0.A,2,MA0106.3.jaspar;P53_HUMAN.H11MO.0.A
3u2b,,SOX4_MOUSE.H11MO.0.A,,no,,1,SOX4_MOUSE.H11MO.0.A
3ukg,MA0359.2.jaspar,,,no,,1,MA0359.2.jaspar
3us0,MA0525.2.jaspar,P63_HUMAN.H11MO.0.A,,no,MA0106.3.jaspar;P53_HUMAN.H11MO.0.A,2,MA0525.2.jaspar;P63_HUMAN.H11MO.0.A
3us1,MA0525.2.jaspar,P63_HUMAN.H11MO.0.A,,no,MA0106.3.jaspar;P53_HUMAN.H11MO.0.A,2,MA0525.2.jaspar;P63_HUMAN.H11MO.0.A
3us2,MA0525.2.jaspar,P63_HUMAN.H11MO.0.A,,no,MA0106.3.jaspar;P53_HUMAN.H11MO.0.A,2,MA0525.2.jaspar;P63_HUMAN.H11MO.0.A
3v79,MA1116.1.jaspar,SUH_HUMAN.H11MO.0.A,MA1116.1.jaspar,yes,MA1116.1.jaspar;SUH_MOUSE.H11MO.0.A,2,MA1116.1.jaspar;SUH_HUMAN.H11MO.0.A
3vd0,MA0861.1.jaspar,P73_HUMAN.H11MO.0.A,,no,MA0106.3.jaspar;P53_HUMAN.H11MO.0.A,2,MA0861.1.jaspar;P73_HUMAN.H11MO.0.A
3vd1,MA0861.1.jaspar,P73_HUMAN.H11MO.0.A,,no,MA0106.3.jaspar;P53_HUMAN.H11MO.0.A,2,MA0861.1.jaspar;P73_HUMAN.H11MO.0.A
3vd2,MA0861.1.jaspar,P73_HUMAN.H11MO.0.A,,no,MA0106.3.jaspar;P53_HUMAN.H11MO.0.A,2,MA0861.1.jaspar;P73_HUMAN.H11MO.0.A
3vd6,MA0035.3.jaspar,GATA1_MOUSE.H11MO.0.A,,no,,2,GATA1_MOUSE.H11MO.0.A;MA0035.3.jaspar
3vek,MA0035.3.jaspar,GATA1_MOUSE.H11MO.0.A,,no,,2,GATA1_MOUSE.H11MO.0.A;MA0035.3.jaspar
3wts,MA0098.3.jaspar,ETS1_HUMAN.H11MO.0.A;PEBB_MOUSE.H11MO.0.C;RUNX1_MOUSE.H11MO.0.A,ETS1_HUMAN.H11MO.0.A;RUNX1_MOUSE.H11MO.0.A,yes,ERG_HUMAN.H11MO.0.A;ETS1_HUMAN.H11MO.0.A;FLI1_HUMAN.H11MO.0.A;MA0098.3.jaspar;RUNX1_MOUSE.H11MO.0.A,4,ETS1_HUMAN.H11MO.0.A;MA0098.3.jaspar;PEBB_MOUSE.H11MO.0.C;RUNX1_MOUSE.H11MO.0.A
3wtt,MA0098.3.jaspar,ETS1_HUMAN.H11MO.0.A;PEBB_MOUSE.H11MO.0.C;RUNX1_MOUSE.H11MO.0.A,,no,ERG_HUMAN.H11MO.0.A;ETS1_HUMAN.H11MO.0.A;FLI1_HUMAN.H11MO.0.A;MA0098.3.jaspar;RUNX1_MOUSE.H11MO.0.A,4,ETS1_HUMAN.H11MO.0.A;MA0098.3.jaspar;PEBB_MOUSE.H11MO.0.C;RUNX1_MOUSE.H11MO.0.A
3wtu,MA0098.3.jaspar,ETS1_HUMAN.H11MO.0.A;PEBB_MOUSE.H11MO.0.C;RUNX1_MOUSE.H11MO.0.A,ETS1_HUMAN.H11MO.0.A;RUNX1_MOUSE.H11MO.0.A,yes,ERG_HUMAN.H11MO.0.A;ETS1_HUMAN.H11MO.0.A;FLI1_HUMAN.H11MO.0.A;MA0098.3.jaspar;RUNX1_MOUSE.H11MO.0.A,4,ETS1_HUMAN.H11MO.0.A;MA0098.3.jaspar;PEBB_MOUSE.H11MO.0.C;RUNX1_MOUSE.H11MO.0.A
3wtv,MA0098.3.jaspar,ETS1_HUMAN.H11MO.0.A;PEBB_MOUSE.H11MO.0.C;RUNX1_MOUSE.H11MO.0.A,,no,ERG_HUMAN.H11MO.0.A;ETS1_HUMAN.H11MO.0.A;FLI1_HUMAN.H11MO.0.A;MA0098.3.jaspar;RUNX1_MOUSE.H11MO.0.A,4,ETS1_HUMAN.H11MO.0.A;MA0098.3.jaspar;PEBB_MOUSE.H11MO.0.C;RUNX1_MOUSE.H11MO.0.A
3wtw,MA0098.3.jaspar,ETS1_HUMAN.H11MO.0.A;PEBB_MOUSE.H11MO.0.C;RUNX1_MOUSE.H11MO.0.A,ETS1_HUMAN.H11MO.0.A;MA0098.3.jaspar;RUNX1_MOUSE.H11MO.0.A,yes,ERG_HUMAN.H11MO.0.A;ETS1_HUMAN.H11MO.0.A;FLI1_HUMAN.H11MO.0.A;MA0098.3.jaspar;RUNX1_MOUSE.H11MO.0.A,4,ETS1_HUMAN.H11MO.0.A;MA0098.3.jaspar;PEBB_MOUSE.H11MO.0.C;RUNX1_MOUSE.H11MO.0.A
3wtx,MA0098.3.jaspar,ETS1_HUMAN.H11MO.0.A;PEBB_MOUSE.H11MO.0.C;RUNX1_MOUSE.H11MO.0.A,,no,ERG_HUMAN.H11MO.0.A;ETS1_HUMAN.H11MO.0.A;FLI1_HUMAN.H11MO.0.A;MA0098.3.jaspar;RUNX1_MOUSE.H11MO.0.A,4,ETS1_HUMAN.H11MO.0.A;MA0098.3.jaspar;PEBB_MOUSE.H11MO.0.C;RUNX1_MOUSE.H11MO.0.A
3wty,MA0098.3.jaspar,ETS1_HUMAN.H11MO.0.A;PEBB_MOUSE.H11MO.0.C;RUNX1_MOUSE.H11MO.0.A,,no,ERG_HUMAN.H11MO.0.A;ETS1_HUMAN.H11MO.0.A;FLI1_HUMAN.H11MO.0.A;MA0098.3.jaspar;RUNX1_MOUSE.H11MO.0.A,4,ETS1_HUMAN.H11MO.0.A;MA0098.3.jaspar;PEBB_MOUSE.H11MO.0.C;RUNX1_MOUSE.H11MO.0.A
3wu1,MA0098.3.jaspar,ETS1_HUMAN.H11MO.0.A;RUNX1_MOUSE.H11MO.0.A,,no,ERG_HUMAN.H11MO.0.A;ETS1_HUMAN.H11MO.0.A;FLI1_HUMAN.H11MO.0.A;MA0098.3.jaspar;RUNX1_MOUSE.H11MO.0.A,3,ETS1_HUMAN.H11MO.0.A;MA0098.3.jaspar;RUNX1_MOUSE.H11MO.0.A
3zp5,MA0156.3.jaspar,FEV_HUMAN.H11MO.0.B,,no,ERG_HUMAN.H11MO.0.A;FLI1_HUMAN.H11MO.0.A,2,FEV_HUMAN.H11MO.0.B;MA0156.3.jaspar
4a04,MA0805.1.jaspar,,,no,,1,MA0805.1.jaspar
4aa6,MA0112.3.jaspar,ESR1_HUMAN.H11MO.0.A,,no,,2,ESR1_HUMAN.H11MO.0.A;MA0112.3.jaspar
4ati,MA0620.1.jaspar,MITF_MOUSE.H11MO.0.A,,no,,2,MA0620.1.jaspar;MITF_MOUSE.H11MO.0.A
4atk,MA0620.1.jaspar,MITF_MOUSE.H11MO.0.A,,no,,2,MA0620.1.jaspar;MITF_MOUSE.H11MO.0.A
4auw,MA0117.2.jaspar,MAFB_MOUSE.H11MO.0.B,,no,MA0117.2.jaspar,2,MA0117.2.jaspar;MAFB_MOUSE.H11MO.0.B
4awl,MA0060.3.jaspar;MA0502.2.jaspar;MA1644.1.jaspar,NFYA_HUMAN.H11MO.0.A;NFYB_HUMAN.H11MO.0.A;NFYC_HUMAN.H11MO.0.A,,no,,6,MA0060.3.jaspar;MA0502.2.jaspar;MA1644.1.jaspar;NFYA_HUMAN.H11MO.0.A;NFYB_HUMAN.H11MO.0.A;NFYC_HUMAN.H11MO.0.A
4bnc,MA0761.2.jaspar,ETV1_HUMAN.H11MO.0.A,,no,,2,ETV1_HUMAN.H11MO.0.A;MA0761.2.jaspar
4bqa,MA1484.1.jaspar,ETS2_HUMAN.H11MO.0.B,,no,ETS1_HUMAN.H11MO.0.A;MA0098.3.jaspar;RUNX1_MOUSE.H11MO.0.A,2,ETS2_HUMAN.H11MO.0.B;MA1484.1.jaspar
4cn2,MA0065.1.jaspar;MA0074.1.jaspar;MA0115.1.jaspar;MA0159.1.jaspar,RXRA_HUMAN.H11MO.0.A,,no,MA0065.1.jaspar;MA0115.1.jaspar;RXRA_HUMAN.H11MO.0.A,5,MA0065.1.jaspar;MA0074.1.jaspar;MA0115.1.jaspar;MA0159.1.jaspar;RXRA_HUMAN.H11MO.0.A
4cn3,MA0065.1.jaspar;MA0074.1.jaspar;MA0115.1.jaspar;MA0159.1.jaspar,RXRA_HUMAN.H11MO.0.A,MA0065.1.jaspar;RXRA_HUMAN.H11MO.0.A,yes,MA0065.1.jaspar;MA0115.1.jaspar;RXRA_HUMAN.H11MO.0.A,5,MA0065.1.jaspar;MA0074.1.jaspar;MA0115.1.jaspar;MA0159.1.jaspar;RXRA_HUMAN.H11MO.0.A
4cn5,MA0065.1.jaspar;MA0074.1.jaspar;MA0115.1.jaspar;MA0159.1.jaspar,RXRA_HUMAN.H11MO.0.A,,no,MA0065.1.jaspar;MA0115.1.jaspar;RXRA_HUMAN.H11MO.0.A,5,MA0065.1.jaspar;MA0074.1.jaspar;MA0115.1.jaspar;MA0159.1.jaspar;RXRA_HUMAN.H11MO.0.A
4cn7,MA0065.1.jaspar;MA0074.1.jaspar;MA0115.1.jaspar;MA0159.1.jaspar,RXRA_HUMAN.H11MO.0.A,,no,MA0065.1.jaspar;MA0115.1.jaspar;RXRA_HUMAN.H11MO.0.A,5,MA0065.1.jaspar;MA0074.1.jaspar;MA0115.1.jaspar;MA0159.1.jaspar;RXRA_HUMAN.H11MO.0.A
4cyc,MA0094.2.jaspar;MA0222.1.jaspar,,,no,,2,MA0094.2.jaspar;MA0222.1.jaspar
4e68,MA0144.1.jaspar,STAT3_MOUSE.H11MO.0.A,,no,,2,MA0144.1.jaspar;STAT3_MOUSE.H11MO.0.A
4eot,MA1521.1.jaspar,,,no,MA0117.2.jaspar,1,MA1521.1.jaspar
4euw,MA0077.1.jaspar,SOX9_HUMAN.H11MO.0.B,,no,,2,MA0077.1.jaspar;SOX9_HUMAN.H11MO.0.B
4f6m,MA0527.1.jaspar,KAISO_HUMAN.H11MO.0.A,,no,KAISO_HUMAN.H11MO.0.A;MA0527.1.jaspar,2,KAISO_HUMAN.H11MO.0.A;MA0527.1.jaspar
4f6n,MA0527.1.jaspar,KAISO_HUMAN.H11MO.0.A,MA0527.1.jaspar,yes,KAISO_HUMAN.H11MO.0.A;MA0527.1.jaspar,2,KAISO_HUMAN.H11MO.0.A;MA0527.1.jaspar
4g82,MA0861.1.jaspar,P73_HUMAN.H11MO.0.A,,no,MA0106.3.jaspar;P53_HUMAN.H11MO.0.A,2,MA0861.1.jaspar;P73_HUMAN.H11MO.0.A
4g83,MA0861.1.jaspar,P73_HUMAN.H11MO.0.A,,no,MA0106.3.jaspar;P53_HUMAN.H11MO.0.A,2,MA0861.1.jaspar;P73_HUMAN.H11MO.0.A
4gfb,MA0359.2.jaspar,,,no,,1,MA0359.2.jaspar
4guo,MA0861.1.jaspar,P73_HUMAN.H11MO.0.A,,no,MA0106.3.jaspar;P53_HUMAN.H11MO.0.A,2,MA0861.1.jaspar;P73_HUMAN.H11MO.0.A
4guq,MA0861.1.jaspar,P73_HUMAN.H11MO.0.A,,no,MA0106.3.jaspar;P53_HUMAN.H11MO.0.A,2,MA0861.1.jaspar;P73_HUMAN.H11MO.0.A
4gzn,,ZFP57_MOUSE.H11MO.0.B,,no,,1,ZFP57_MOUSE.H11MO.0.B
4h10,MA0819.2.jaspar,BMAL1_HUMAN.H11MO.0.A;CLOCK_HUMAN.H11MO.0.C,,no,,3,BMAL1_HUMAN.H11MO.0.A;CLOCK_HUMAN.H11MO.0.C;MA0819.2.jaspar
4hc7,MA0037.3.jaspar,GATA3_HUMAN.H11MO.0.A,,no,,2,GATA3_HUMAN.H11MO.0.A;MA0037.3.jaspar
4hc9,MA0037.3.jaspar,GATA3_HUMAN.H11MO.0.A,,no,,2,GATA3_HUMAN.H11MO.0.A;MA0037.3.jaspar
4hca,MA0037.3.jaspar,GATA3_HUMAN.H11MO.0.A,,no,,2,GATA3_HUMAN.H11MO.0.A;MA0037.3.jaspar
4hje,MA0106.3.jaspar,P53_HUMAN.H11MO.0.A,,no,MA0106.3.jaspar;P53_HUMAN.H11MO.0.A,2,MA0106.3.jaspar;P53_HUMAN.H11MO.0.A
4hn5,MA0113.3.jaspar,GCR_HUMAN.H11MO.0.A,,no,GCR_HUMAN.H11MO.0.A;MA0113.3.jaspar,2,GCR_HUMAN.H11MO.0.A;MA0113.3.jaspar
4hn6,MA0113.3.jaspar,GCR_HUMAN.H11MO.0.A,,no,GCR_HUMAN.H11MO.0.A;MA0113.3.jaspar,2,GCR_HUMAN.H11MO.0.A;MA0113.3.jaspar
4ibu,MA0106.3.jaspar,P53_HUMAN.H11MO.0.A,,no,MA0106.3.jaspar;P53_HUMAN.H11MO.0.A,2,MA0106.3.jaspar;P53_HUMAN.H11MO.0.A
4ibv,MA0106.3.jaspar,P53_HUMAN.H11MO.0.A,,no,MA0106.3.jaspar;P53_HUMAN.H11MO.0.A,2,MA0106.3.jaspar;P53_HUMAN.H11MO.0.A
4ibw,MA0106.3.jaspar,P53_HUMAN.H11MO.0.A,,no,MA0106.3.jaspar;P53_HUMAN.H11MO.0.A,2,MA0106.3.jaspar;P53_HUMAN.H11MO.0.A
4iqr,MA1494.1.jaspar,HNF4A_HUMAN.H11MO.0.A,,no,,2,HNF4A_HUMAN.H11MO.0.A;MA1494.1.jaspar
4iri,MA0474.2.jaspar,ERG_HUMAN.H11MO.0.A,,no,ERG_HUMAN.H11MO.0.A;FLI1_HUMAN.H11MO.0.A,2,ERG_HUMAN.H11MO.0.A;MA0474.2.jaspar
4j19,MA0895.1.jaspar,,,no,,1,MA0895.1.jaspar
4j2x,,SUH_MOUSE.H11MO.0.A,,no,MA1116.1.jaspar;SUH_MOUSE.H11MO.0.A,1,SUH_MOUSE.H11MO.0.A
4l0y,MA0098.3.jaspar,ETS1_HUMAN.H11MO.0.A;RUNX1_MOUSE.H11MO.0.A,,no,ERG_HUMAN.H11MO.0.A;ETS1_HUMAN.H11MO.0.A;FLI1_HUMAN.H11MO.0.A;MA0098.3.jaspar;RUNX1_MOUSE.H11MO.0.A,3,ETS1_HUMAN.H11MO.0.A;MA0098.3.jaspar;RUNX1_MOUSE.H11MO.0.A
4l0z,MA0098.3.jaspar,ETS1_HUMAN.H11MO.0.A;RUNX1_MOUSE.H11MO.0.A,MA0098.3.jaspar;RUNX1_MOUSE.H11MO.0.A,yes,ERG_HUMAN.H11MO.0.A;ETS1_HUMAN.H11MO.0.A;FLI1_HUMAN.H11MO.0.A;MA0098.3.jaspar;RUNX1_MOUSE.H11MO.0.A,3,ETS1_HUMAN.H11MO.0.A;MA0098.3.jaspar;RUNX1_MOUSE.H11MO.0.A
4l18,MA0098.3.jaspar,ETS1_HUMAN.H11MO.0.A;RUNX1_MOUSE.H11MO.0.A,,no,ERG_HUMAN.H11MO.0.A;ETS1_HUMAN.H11MO.0.A;FLI1_HUMAN.H11MO.0.A;MA0098.3.jaspar;RUNX1_MOUSE.H11MO.0.A,3,ETS1_HUMAN.H11MO.0.A;MA0098.3.jaspar;RUNX1_MOUSE.H11MO.0.A
4ldx,MA0942.1.jaspar,,,no,,1,MA0942.1.jaspar
4lg0,MA0098.3.jaspar,ETS1_HUMAN.H11MO.0.A;FOXO1_HUMAN.H11MO.0.A,,no,ETS1_HUMAN.H11MO.0.A;FOXO1_HUMAN.H11MO.0.A;MA0098.3.jaspar;RUNX1_MOUSE.H11MO.0.A,3,ETS1_HUMAN.H11MO.0.A;FOXO1_HUMAN.H11MO.0.A;MA0098.3.jaspar
4lmg,MA0270.1.jaspar,,,no,,1,MA0270.1.jaspar
4m9e,MA0039.2.jaspar,KLF4_MOUSE.H11MO.0.A,,no,KLF4_MOUSE.H11MO.0.A;MA0039.2.jaspar,2,KLF4_MOUSE.H11MO.0.A;MA0039.2.jaspar
4m9v,,ZFP57_MOUSE.H11MO.0.B,,no,,1,ZFP57_MOUSE.H11MO.0.B
4mhg,,ETV6_MOUSE.H11MO.0.C,,no,,1,ETV6_MOUSE.H11MO.0.C
4mzr,MA0106.3.jaspar,P53_HUMAN.H11MO.0.A,,no,MA0106.3.jaspar;P53_HUMAN.H11MO.0.A,2,MA0106.3.jaspar;P53_HUMAN.H11MO.0.A
4nqa,MA0065.1.jaspar;MA0074.1.jaspar;MA0115.1.jaspar;MA0159.1.jaspar,RXRA_HUMAN.H11MO.0.A,,no,MA0065.1.jaspar;MA0115.1.jaspar;RXRA_HUMAN.H11MO.0.A,5,MA0065.1.jaspar;MA0074.1.jaspar;MA0115.1.jaspar;MA0159.1.jaspar;RXRA_HUMAN.H11MO.0.A
4r2a,MA0162.4.jaspar,EGR1_HUMAN.H11MO.0.A,,no,MA0162.1.jaspar;MA0162.4.jaspar,2,EGR1_HUMAN.H11MO.0.A;MA0162.4.jaspar
4r2c,MA0162.4.jaspar,EGR1_HUMAN.H11MO.0.A,,no,MA0162.1.jaspar;MA0162.4.jaspar,2,EGR1_HUMAN.H11MO.0.A;MA0162.4.jaspar
4r2d,MA0162.4.jaspar,EGR1_HUMAN.H11MO.0.A,MA0162.4.jaspar,yes,MA0162.1.jaspar;MA0162.4.jaspar,2,EGR1_HUMAN.H11MO.0.A;MA0162.4.jaspar
4r2e,,WT1_HUMAN.H11MO.0.C,,no,WT1_HUMAN.H11MO.0.C,1,WT1_HUMAN.H11MO.0.C
4r2p,,WT1_HUMAN.H11MO.0.C,WT1_HUMAN.H11MO.0.C,yes,WT1_HUMAN.H11MO.0.C,1,WT1_HUMAN.H11MO.0.C
4r2q,,WT1_HUMAN.H11MO.0.C,,no,WT1_HUMAN.H11MO.0.C,1,WT1_HUMAN.H11MO.0.C
4r2r,,WT1_HUMAN.H11MO.0.C,,no,WT1_HUMAN.H11MO.0.C,1,WT1_HUMAN.H11MO.0.C
4r2s,,WT1_HUMAN.H11MO.0.C,,no,WT1_HUMAN.H11MO.0.C,1,WT1_HUMAN.H11MO.0.C
4rbo,,NANOG_HUMAN.H11MO.0.A,,no,,1,NANOG_HUMAN.H11MO.0.A
4rdu,MA1476.1.jaspar,,,no,,1,MA1476.1.jaspar
4roc,,TBP_HUMAN.H11MO.0.A,,no,MA0386.1.jaspar,1,TBP_HUMAN.H11MO.0.A
4rod,,TBP_HUMAN.H11MO.0.A,,no,MA0386.1.jaspar,1,TBP_HUMAN.H11MO.0.A
4roe,,TBP_HUMAN.H11MO.0.A,,no,MA0386.1.jaspar,1,TBP_HUMAN.H11MO.0.A
4s0h,MA0063.2.jaspar;MA0807.1.jaspar,NKX25_HUMAN.H11MO.0.B,,no,,3,MA0063.2.jaspar;MA0807.1.jaspar;NKX25_HUMAN.H11MO.0.B
4s2q,,SOX9_MOUSE.H11MO.0.A,,no,,1,SOX9_MOUSE.H11MO.0.A
4tnt,MA0727.1.jaspar,,,no,,1,MA0727.1.jaspar
4uno,MA0765.3.jaspar,ETV5_HUMAN.H11MO.0.C,,no,,2,ETV5_HUMAN.H11MO.0.C;MA0765.3.jaspar
4uus,MA0094.2.jaspar;MA0222.1.jaspar,,,no,,2,MA0094.2.jaspar;MA0222.1.jaspar
4uuv,MA0764.3.jaspar,ETV4_HUMAN.H11MO.0.B,,no,,2,ETV4_HUMAN.H11MO.0.B;MA0764.3.jaspar
4v1n,MA0386.1.jaspar,,,no,MA0386.1.jaspar,1,MA0386.1.jaspar
4v1o,MA0386.1.jaspar,,,no,MA0386.1.jaspar,1,MA0386.1.jaspar
4x9j,MA0162.4.jaspar,EGR1_HUMAN.H11MO.0.A,MA0162.4.jaspar,yes,MA0162.1.jaspar;MA0162.4.jaspar,2,EGR1_HUMAN.H11MO.0.A;MA0162.4.jaspar
4xic,MA0166.1.jaspar,,,no,,1,MA0166.1.jaspar
4xid,MA0166.1.jaspar,,,no,,1,MA0166.1.jaspar
4xrm,MA1640.1.jaspar,MEIS2_HUMAN.H11MO.0.B,MEIS2_HUMAN.H11MO.0.B,yes,MEIS2_HUMAN.H11MO.0.B,2,MA1640.1.jaspar;MEIS2_HUMAN.H11MO.0.B
4xrs,MA1639.1.jaspar,DLX3_HUMAN.H11MO.0.C;MEIS1_HUMAN.H11MO.0.A,,no,MEIS2_HUMAN.H11MO.0.B,3,DLX3_HUMAN.H11MO.0.C;MA1639.1.jaspar;MEIS1_HUMAN.H11MO.0.A
4y5w,,STAT6_HUMAN.H11MO.0.B,,no,,1,STAT6_HUMAN.H11MO.0.B
4yo2,MA0865.2.jaspar,,,no,,1,MA0865.2.jaspar
4zpk,MA0004.1.jaspar,ARNT_MOUSE.H11MO.0.B;EPAS1_MOUSE.H11MO.0.C,,no,,3,ARNT_MOUSE.H11MO.0.B;EPAS1_MOUSE.H11MO.0.C;MA0004.1.jaspar
4zpr,MA0004.1.jaspar,ARNT_MOUSE.H11MO.0.B;HIF1A_MOUSE.H11MO.0.C,,no,,3,ARNT_MOUSE.H11MO.0.B;HIF1A_MOUSE.H11MO.0.C;MA0004.1.jaspar
5bng,MA1640.1.jaspar,MEIS2_HUMAN.H11MO.0.B,MEIS2_HUMAN.H11MO.0.B,yes,MEIS2_HUMAN.H11MO.0.B,2,MA1640.1.jaspar;MEIS2_HUMAN.H11MO.0.B
5bt2,,MECP2_HUMAN.H11MO.0.C,,no,,1,MECP2_HUMAN.H11MO.0.C
5bua,MA0106.3.jaspar,P53_HUMAN.H11MO.0.A,,no,MA0106.3.jaspar;P53_HUMAN.H11MO.0.A,2,MA0106.3.jaspar;P53_HUMAN.H11MO.0.A
5cbx,MA0113.3.jaspar,GCR_HUMAN.H11MO.0.A,,no,GCR_HUMAN.H11MO.0.A;MA0113.3.jaspar,2,GCR_HUMAN.H11MO.0.A;MA0113.3.jaspar
5cby,MA0113.3.jaspar,GCR_HUMAN.H11MO.0.A,,no,GCR_HUMAN.H11MO.0.A;MA0113.3.jaspar,2,GCR_HUMAN.H11MO.0.A;MA0113.3.jaspar
5cbz,MA0113.3.jaspar,GCR_HUMAN.H11MO.0.A,,no,GCR_HUMAN.H11MO.0.A;MA0113.3.jaspar,2,GCR_HUMAN.H11MO.0.A;MA0113.3.jaspar
5cc0,,PRGR_HUMAN.H11MO.0.A,,no,,1,PRGR_HUMAN.H11MO.0.A
5cc1,MA0113.3.jaspar,GCR_HUMAN.H11MO.0.A,,no,GCR_HUMAN.H11MO.0.A;MA0113.3.jaspar,2,GCR_HUMAN.H11MO.0.A;MA0113.3.jaspar
5cqq,MA0255.1.jaspar,,,no,,1,MA0255.1.jaspar
5d39,,STAT6_HUMAN.H11MO.0.B,,no,,1,STAT6_HUMAN.H11MO.0.B
5d5u,MA0486.2.jaspar,HSF1_HUMAN.H11MO.0.A,,no,HSF1_HUMAN.H11MO.0.A;MA0486.2.jaspar,2,HSF1_HUMAN.H11MO.0.A;MA0486.2.jaspar
5d5v,MA0486.2.jaspar,HSF1_HUMAN.H11MO.0.A,,no,HSF1_HUMAN.H11MO.0.A;MA0486.2.jaspar,2,HSF1_HUMAN.H11MO.0.A;MA0486.2.jaspar
5d8k,MA0770.1.jaspar,HSF2_HUMAN.H11MO.0.A,,no,,2,HSF2_HUMAN.H11MO.0.A;MA0770.1.jaspar
5d8l,MA0770.1.jaspar,HSF2_HUMAN.H11MO.0.A,,no,,2,HSF2_HUMAN.H11MO.0.A;MA0770.1.jaspar
5dui,,FOXO1_HUMAN.H11MO.0.A,,no,FOXO1_HUMAN.H11MO.0.A,1,FOXO1_HUMAN.H11MO.0.A
5e24,MA0085.1.jaspar,,,no,MA1116.1.jaspar;SUH_MOUSE.H11MO.0.A,1,MA0085.1.jaspar
5e69,MA0113.3.jaspar,GCR_HUMAN.H11MO.0.A,,no,GCR_HUMAN.H11MO.0.A;MA0113.3.jaspar,2,GCR_HUMAN.H11MO.0.A;MA0113.3.jaspar
5e6a,MA0113.3.jaspar,GCR_HUMAN.H11MO.0.A,,no,GCR_HUMAN.H11MO.0.A;MA0113.3.jaspar,2,GCR_HUMAN.H11MO.0.A;MA0113.3.jaspar
5e6b,MA0113.3.jaspar,GCR_HUMAN.H11MO.0.A,,no,GCR_HUMAN.H11MO.0.A;MA0113.3.jaspar,2,GCR_HUMAN.H11MO.0.A;MA0113.3.jaspar
5e6c,MA0113.3.jaspar,GCR_HUMAN.H11MO.0.A,,no,GCR_HUMAN.H11MO.0.A;MA0113.3.jaspar,2,GCR_HUMAN.H11MO.0.A;MA0113.3.jaspar
5e6d,MA0113.3.jaspar,GCR_HUMAN.H11MO.0.A,,no,GCR_HUMAN.H11MO.0.A;MA0113.3.jaspar,2,GCR_HUMAN.H11MO.0.A;MA0113.3.jaspar
5e8i,MA0475.2.jaspar,FLI1_HUMAN.H11MO.0.A,,no,ERG_HUMAN.H11MO.0.A;FLI1_HUMAN.H11MO.0.A,2,FLI1_HUMAN.H11MO.0.A;MA0475.2.jaspar
5edn,MA0901.2.jaspar,HXB13_HUMAN.H11MO.0.A,,no,,2,HXB13_HUMAN.H11MO.0.A;MA0901.2.jaspar
5eea,MA0901.2.jaspar,HXB13_HUMAN.H11MO.0.A,,no,,2,HXB13_HUMAN.H11MO.0.A;MA0901.2.jaspar
5ef6,MA0901.2.jaspar,HXB13_HUMAN.H11MO.0.A,,no,,2,HXB13_HUMAN.H11MO.0.A;MA0901.2.jaspar
5eg0,MA0901.2.jaspar;MA1640.1.jaspar,HXB13_HUMAN.H11MO.0.A;MEIS2_HUMAN.H11MO.0.B,,no,MEIS2_HUMAN.H11MO.0.B,4,HXB13_HUMAN.H11MO.0.A;MA0901.2.jaspar;MA1640.1.jaspar;MEIS2_HUMAN.H11MO.0.B
5eg6,,SUH_MOUSE.H11MO.0.A,,no,MA1116.1.jaspar;SUH_MOUSE.H11MO.0.A,1,SUH_MOUSE.H11MO.0.A
5egb,MA1723.1.jaspar,,,no,,1,MA1723.1.jaspar
5ego,MA0901.2.jaspar;MA1639.1.jaspar,HXB13_HUMAN.H11MO.0.A;MEIS1_HUMAN.H11MO.0.A,,no,MEIS2_HUMAN.H11MO.0.B,4,HXB13_HUMAN.H11MO.0.A;MA0901.2.jaspar;MA1639.1.jaspar;MEIS1_HUMAN.H11MO.0.A
5eh2,MA1723.1.jaspar,,,no,,1,MA1723.1.jaspar
5ei9,MA1723.1.jaspar,,,no,,1,MA1723.1.jaspar
5emc,MA0113.3.jaspar,GCR_HUMAN.H11MO.0.A,,no,GCR_HUMAN.H11MO.0.A;MA0113.3.jaspar,2,GCR_HUMAN.H11MO.0.A;MA0113.3.jaspar
5emp,MA0113.3.jaspar,GCR_HUMAN.H11MO.0.A,GCR_HUMAN.H11MO.0.A;MA0113.3.jaspar,yes,GCR_HUMAN.H11MO.0.A;MA0113.3.jaspar,2,GCR_HUMAN.H11MO.0.A;MA0113.3.jaspar
5emq,MA0113.3.jaspar,GCR_HUMAN.H11MO.0.A,GCR_HUMAN.H11MO.0.A,yes,GCR_HUMAN.H11MO.0.A;MA0113.3.jaspar,2,GCR_HUMAN.H11MO.0.A;MA0113.3.jaspar
5eyo,MA0058.3.jaspar;MA0059.1.jaspar,MAX_HUMAN.H11MO.0.A,,no,,3,MA0058.3.jaspar;MA0059.1.jaspar;MAX_HUMAN.H11MO.0.A
5flv,MA0063.1.jaspar,NKX25_MOUSE.H11MO.0.A,,no,,2,MA0063.1.jaspar;NKX25_MOUSE.H11MO.0.A
5fmf,MA0386.1.jaspar,,,no,MA0386.1.jaspar,1,MA0386.1.jaspar
5fur,,TAF1_HUMAN.H11MO.0.A;TBP_HUMAN.H11MO.0.A,,no,MA0386.1.jaspar,2,TAF1_HUMAN.H11MO.0.A;TBP_HUMAN.H11MO.0.A
5fyw,MA0386.1.jaspar,,,no,MA0386.1.jaspar,1,MA0386.1.jaspar
5fz5,MA0386.1.jaspar,,,no,MA0386.1.jaspar,1,MA0386.1.jaspar
5gnj,MA0566.1.jaspar,,,no,,1,MA0566.1.jaspar
5gzb,MA0809.2.jaspar,TEAD4_HUMAN.H11MO.0.A,,no,,2,MA0809.2.jaspar;TEAD4_HUMAN.H11MO.0.A
5hdn,MA0486.2.jaspar,HSF1_HUMAN.H11MO.0.A,HSF1_HUMAN.H11MO.0.A,yes,HSF1_HUMAN.H11MO.0.A;MA0486.2.jaspar,2,HSF1_HUMAN.H11MO.0.A;MA0486.2.jaspar
5i50,MA0147.3.jaspar,MYC_HUMAN.H11MO.0.A,,no,,2,MA0147.3.jaspar;MYC_HUMAN.H11MO.0.A
5iy6,,TBP_HUMAN.H11MO.0.A,,no,MA0386.1.jaspar,1,TBP_HUMAN.H11MO.0.A
5iy7,,TBP_HUMAN.H11MO.0.A,,no,MA0386.1.jaspar,1,TBP_HUMAN.H11MO.0.A
5iy8,,TBP_HUMAN.H11MO.0.A,,no,MA0386.1.jaspar,1,TBP_HUMAN.H11MO.0.A
5iy9,,TBP_HUMAN.H11MO.0.A,,no,MA0386.1.jaspar,1,TBP_HUMAN.H11MO.0.A
5iya,,TBP_HUMAN.H11MO.0.A,,no,MA0386.1.jaspar,1,TBP_HUMAN.H11MO.0.A
5iyb,,TBP_HUMAN.H11MO.0.A,,no,MA0386.1.jaspar,1,TBP_HUMAN.H11MO.0.A
5iyc,,TBP_HUMAN.H11MO.0.A,,no,MA0386.1.jaspar,1,TBP_HUMAN.H11MO.0.A
5iyd,,TBP_HUMAN.H11MO.0.A,,no,MA0386.1.jaspar,1,TBP_HUMAN.H11MO.0.A
5jgh,MA0266.1.jaspar,,,no,,1,MA0266.1.jaspar
5jh0,MA0266.1.jaspar,,,no,,1,MA0266.1.jaspar
5jlw,MA0166.1.jaspar,,,no,,1,MA0166.1.jaspar
5jlx,MA0166.1.jaspar,,,no,,1,MA0166.1.jaspar
5jvt,MA0475.2.jaspar,FLI1_HUMAN.H11MO.0.A,,no,ERG_HUMAN.H11MO.0.A;FLI1_HUMAN.H11MO.0.A,2,FLI1_HUMAN.H11MO.0.A;MA0475.2.jaspar
5k5h,MA1930.1.jaspar,CTCF_HUMAN.H11MO.0.A,,no,CTCF_HUMAN.H11MO.0.A;MA1930.1.jaspar,2,CTCF_HUMAN.H11MO.0.A;MA1930.1.jaspar
5k5i,MA1930.1.jaspar,CTCF_HUMAN.H11MO.0.A,,no,CTCF_HUMAN.H11MO.0.A;MA1930.1.jaspar,2,CTCF_HUMAN.H11MO.0.A;MA1930.1.jaspar
5k5j,MA1930.1.jaspar,CTCF_HUMAN.H11MO.0.A,,no,CTCF_HUMAN.H11MO.0.A;MA1930.1.jaspar,2,CTCF_HUMAN.H11MO.0.A;MA1930.1.jaspar
5k5l,MA1930.1.jaspar,CTCF_HUMAN.H11MO.0.A,,no,CTCF_HUMAN.H11MO.0.A;MA1930.1.jaspar,2,CTCF_HUMAN.H11MO.0.A;MA1930.1.jaspar
5kbd,MA0861.1.jaspar,P73_HUMAN.H11MO.0.A,,no,MA0106.3.jaspar;P53_HUMAN.H11MO.0.A,2,MA0861.1.jaspar;P73_HUMAN.H11MO.0.A
5ke6,MA0039.2.jaspar,KLF4_MOUSE.H11MO.0.A,KLF4_MOUSE.H11MO.0.A,yes,KLF4_MOUSE.H11MO.0.A;MA0039.2.jaspar,2,KLF4_MOUSE.H11MO.0.A;MA0039.2.jaspar
5ke7,MA0039.2.jaspar,KLF4_MOUSE.H11MO.0.A,KLF4_MOUSE.H11MO.0.A,yes,KLF4_MOUSE.H11MO.0.A;MA0039.2.jaspar,2,KLF4_MOUSE.H11MO.0.A;MA0039.2.jaspar
5ke8,MA0039.2.jaspar,KLF4_MOUSE.H11MO.0.A,MA0039.2.jaspar,yes,KLF4_MOUSE.H11MO.0.A;MA0039.2.jaspar,2,KLF4_MOUSE.H11MO.0.A;MA0039.2.jaspar
5ke9,MA0039.2.jaspar,KLF4_MOUSE.H11MO.0.A,,no,KLF4_MOUSE.H11MO.0.A;MA0039.2.jaspar,2,KLF4_MOUSE.H11MO.0.A;MA0039.2.jaspar
5kea,MA0039.2.jaspar,KLF4_MOUSE.H11MO.0.A,,no,KLF4_MOUSE.H11MO.0.A;MA0039.2.jaspar,2,KLF4_MOUSE.H11MO.0.A;MA0039.2.jaspar
5keb,MA0039.2.jaspar,KLF4_MOUSE.H11MO.0.A,,no,KLF4_MOUSE.H11MO.0.A;MA0039.2.jaspar,2,KLF4_MOUSE.H11MO.0.A;MA0039.2.jaspar
5kkq,MA1930.1.jaspar,CTCF_HUMAN.H11MO.0.A,,no,CTCF_HUMAN.H11MO.0.A;MA1930.1.jaspar,2,CTCF_HUMAN.H11MO.0.A;MA1930.1.jaspar
5kl2,,WT1_HUMAN.H11MO.0.C,,no,WT1_HUMAN.H11MO.0.C,1,WT1_HUMAN.H11MO.0.C
5kl3,,WT1_HUMAN.H11MO.0.C,WT1_HUMAN.H11MO.0.C,yes,WT1_HUMAN.H11MO.0.C,1,WT1_HUMAN.H11MO.0.C
5kl4,,WT1_HUMAN.H11MO.0.C,WT1_HUMAN.H11MO.0.C,yes,WT1_HUMAN.H11MO.0.C,1,WT1_HUMAN.H11MO.0.C
5kl5,,WT1_HUMAN.H11MO.0.C,,no,WT1_HUMAN.H11MO.0.C,1,WT1_HUMAN.H11MO.0.C
5kl6,,WT1_HUMAN.H11MO.0.C,,no,WT1_HUMAN.H11MO.0.C,1,WT1_HUMAN.H11MO.0.C
5kl7,,WT1_HUMAN.H11MO.0.C,,no,WT1_HUMAN.H11MO.0.C,1,WT1_HUMAN.H11MO.0.C
5l0m,,NR5A2_HUMAN.H11MO.0.B,,no,,1,NR5A2_HUMAN.H11MO.0.B
5lgy,MA0106.3.jaspar,P53_HUMAN.H11MO.0.A,,no,MA0106.3.jaspar;P53_HUMAN.H11MO.0.A,2,MA0106.3.jaspar;P53_HUMAN.H11MO.0.A
5lty,MA0465.2.jaspar,CDX2_HUMAN.H11MO.0.A,CDX2_HUMAN.H11MO.0.A;MA0465.2.jaspar,yes,CDX2_HUMAN.H11MO.0.A;MA0465.2.jaspar,2,CDX2_HUMAN.H11MO.0.A;MA0465.2.jaspar
5lux,MA0878.3.jaspar,CDX1_HUMAN.H11MO.0.C,,no,CDX2_HUMAN.H11MO.0.A;MA0465.2.jaspar,2,CDX1_HUMAN.H11MO.0.C;MA0878.3.jaspar
5mct,MA0106.3.jaspar,P53_HUMAN.H11MO.0.A,,no,MA0106.3.jaspar;P53_HUMAN.H11MO.0.A,2,MA0106.3.jaspar;P53_HUMAN.H11MO.0.A
5mcu,MA0106.3.jaspar,P53_HUMAN.H11MO.0.A,,no,MA0106.3.jaspar;P53_HUMAN.H11MO.0.A,2,MA0106.3.jaspar;P53_HUMAN.H11MO.0.A
5mcv,MA0106.3.jaspar,P53_HUMAN.H11MO.0.A,,no,MA0106.3.jaspar;P53_HUMAN.H11MO.0.A,2,MA0106.3.jaspar;P53_HUMAN.H11MO.0.A
5mcw,MA0106.3.jaspar,P53_HUMAN.H11MO.0.A,,no,MA0106.3.jaspar;P53_HUMAN.H11MO.0.A,2,MA0106.3.jaspar;P53_HUMAN.H11MO.0.A
5mey,,SMAD4_HUMAN.H11MO.0.B,,no,,1,SMAD4_HUMAN.H11MO.0.B
5mez,,SMAD4_HUMAN.H11MO.0.B,,no,,1,SMAD4_HUMAN.H11MO.0.B
5mf0,,SMAD4_HUMAN.H11MO.0.B,,no,,1,SMAD4_HUMAN.H11MO.0.B
5mf7,MA0106.3.jaspar,P53_HUMAN.H11MO.0.A,,no,MA0106.3.jaspar;P53_HUMAN.H11MO.0.A,2,MA0106.3.jaspar;P53_HUMAN.H11MO.0.A
5mg7,MA0106.3.jaspar,P53_HUMAN.H11MO.0.A,,no,MA0106.3.jaspar;P53_HUMAN.H11MO.0.A,2,MA0106.3.jaspar;P53_HUMAN.H11MO.0.A
5mpf,MA0647.1.jaspar,,,no,,1,MA0647.1.jaspar
5nj8,,AHR_HUMAN.H11MO.0.B;ARNT_HUMAN.H11MO.0.B,,no,,2,AHR_HUMAN.H11MO.0.B;ARNT_HUMAN.H11MO.0.B
5nnx,MA0090.3.jaspar,TEAD1_HUMAN.H11MO.0.A,,no,,2,MA0090.3.jaspar;TEAD1_HUMAN.H11MO.0.A
5no6,MA0809.2.jaspar;MA0901.2.jaspar,HXB13_HUMAN.H11MO.0.A;TEAD4_HUMAN.H11MO.0.A,,no,,4,HXB13_HUMAN.H11MO.0.A;MA0809.2.jaspar;MA0901.2.jaspar;TEAD4_HUMAN.H11MO.0.A
5od6,MA0795.1.jaspar,SMAD3_HUMAN.H11MO.0.B,,no,,2,MA0795.1.jaspar;SMAD3_HUMAN.H11MO.0.B
5odg,MA0795.1.jaspar,SMAD3_HUMAN.H11MO.0.B,,no,,2,MA0795.1.jaspar;SMAD3_HUMAN.H11MO.0.B
5oqj,MA0386.1.jaspar,,,no,MA0386.1.jaspar,1,MA0386.1.jaspar
5oqm,MA0386.1.jaspar,,,no,MA0386.1.jaspar,1,MA0386.1.jaspar
5sva,MA0386.1.jaspar,,,no,MA0386.1.jaspar,1,MA0386.1.jaspar
5sy7,MA0004.1.jaspar,ARNT_MOUSE.H11MO.0.B,,no,,2,ARNT_MOUSE.H11MO.0.B;MA0004.1.jaspar
5t00,MA1930.1.jaspar,CTCF_HUMAN.H11MO.0.A,,no,CTCF_HUMAN.H11MO.0.A;MA1930.1.jaspar,2,CTCF_HUMAN.H11MO.0.A;MA1930.1.jaspar
5t01,MA0489.1.jaspar;MA1126.1.jaspar,JUN_HUMAN.H11MO.0.A,,no,JUND_HUMAN.H11MO.0.A,3,JUN_HUMAN.H11MO.0.A;MA0489.1.jaspar;MA1126.1.jaspar
5t0u,MA1930.1.jaspar,CTCF_HUMAN.H11MO.0.A,,no,CTCF_HUMAN.H11MO.0.A;MA1930.1.jaspar,2,CTCF_HUMAN.H11MO.0.A;MA1930.1.jaspar
5t1j,,TBX21_MOUSE.H11MO.0.A,,no,,1,TBX21_MOUSE.H11MO.0.A
5u01,,TF65_MOUSE.H11MO.0.A,,no,MA0105.4.jaspar;MA0107.1.jaspar;NFKB1_MOUSE.H11MO.0.A;TF65_MOUSE.H11MO.0.A,1,TF65_MOUSE.H11MO.0.A
5uan,MA0065.1.jaspar;MA0074.1.jaspar;MA0115.1.jaspar;MA0159.1.jaspar;MA1552.1.jaspar,RXRA_HUMAN.H11MO.0.A,,no,MA0065.1.jaspar;MA0115.1.jaspar;RXRA_HUMAN.H11MO.0.A,6,MA0065.1.jaspar;MA0074.1.jaspar;MA0115.1.jaspar;MA0159.1.jaspar;MA1552.1.jaspar;RXRA_HUMAN.H11MO.0.A
5und,MA1930.1.jaspar,CTCF_HUMAN.H11MO.0.A,MA1930.1.jaspar,yes,CTCF_HUMAN.H11MO.0.A;MA1930.1.jaspar,2,CTCF_HUMAN.H11MO.0.A;MA1930.1.jaspar
5v0l,,AHR_MOUSE.H11MO.0.B;ARNT_HUMAN.H11MO.0.B,,no,,2,AHR_MOUSE.H11MO.0.B;ARNT_HUMAN.H11MO.0.B
5va0,MA0113.3.jaspar,GCR_HUMAN.H11MO.0.A,,no,GCR_HUMAN.H11MO.0.A;MA0113.3.jaspar,2,GCR_HUMAN.H11MO.0.A;MA0113.3.jaspar
5va7,MA0113.3.jaspar,GCR_HUMAN.H11MO.0.A,,no,GCR_HUMAN.H11MO.0.A;MA0113.3.jaspar,2,GCR_HUMAN.H11MO.0.A;MA0113.3.jaspar
5vmu,MA0527.1.jaspar,KAISO_HUMAN.H11MO.0.A,KAISO_HUMAN.H11MO.0.A,yes,KAISO_HUMAN.H11MO.0.A;MA0527.1.jaspar,2,KAISO_HUMAN.H11MO.0.A;MA0527.1.jaspar
5vmv,MA0527.1.jaspar,KAISO_HUMAN.H11MO.0.A,KAISO_HUMAN.H11MO.0.A,yes,KAISO_HUMAN.H11MO.0.A;MA0527.1.jaspar,2,KAISO_HUMAN.H11MO.0.A;MA0527.1.jaspar
5vmw,MA0527.1.jaspar,KAISO_HUMAN.H11MO.0.A,,no,KAISO_HUMAN.H11MO.0.A;MA0527.1.jaspar,2,KAISO_HUMAN.H11MO.0.A;MA0527.1.jaspar
5vmx,MA0527.1.jaspar,KAISO_HUMAN.H11MO.0.A,,no,KAISO_HUMAN.H11MO.0.A;MA0527.1.jaspar,2,KAISO_HUMAN.H11MO.0.A;MA0527.1.jaspar
5vmy,MA0527.1.jaspar,KAISO_HUMAN.H11MO.0.A,,no,KAISO_HUMAN.H11MO.0.A;MA0527.1.jaspar,2,KAISO_HUMAN.H11MO.0.A;MA0527.1.jaspar
5vmz,MA0527.1.jaspar,KAISO_HUMAN.H11MO.0.A,,no,KAISO_HUMAN.H11MO.0.A;MA0527.1.jaspar,2,KAISO_HUMAN.H11MO.0.A;MA0527.1.jaspar
5vpe,MA0492.1.jaspar;UN0122.1.jaspar,FOSB_HUMAN.H11MO.0.A;JUND_HUMAN.H11MO.0.A,,no,JUND_HUMAN.H11MO.0.A,4,FOSB_HUMAN.H11MO.0.A;JUND_HUMAN.H11MO.0.A;MA0492.1.jaspar;UN0122.1.jaspar
5vpf,MA0492.1.jaspar;UN0122.1.jaspar,FOSB_HUMAN.H11MO.0.A;JUND_HUMAN.H11MO.0.A,JUND_HUMAN.H11MO.0.A,yes,JUND_HUMAN.H11MO.0.A,4,FOSB_HUMAN.H11MO.0.A;JUND_HUMAN.H11MO.0.A;MA0492.1.jaspar;UN0122.1.jaspar
5wc9,MA0784.2.jaspar,PIT1_HUMAN.H11MO.0.C,,no,,2,MA0784.2.jaspar;PIT1_HUMAN.H11MO.0.C
5wx9,MA0998.1.jaspar,,,no,,1,MA0998.1.jaspar
5x07,MA0047.3.jaspar,FOXA2_HUMAN.H11MO.0.A,,no,,2,FOXA2_HUMAN.H11MO.0.A;MA0047.3.jaspar
5ybd,MA0474.2.jaspar,ERG_HUMAN.H11MO.0.A,,no,ERG_HUMAN.H11MO.0.A;FLI1_HUMAN.H11MO.0.A,2,ERG_HUMAN.H11MO.0.A;MA0474.2.jaspar
5yef,MA1930.1.jaspar,CTCF_HUMAN.H11MO.0.A,CTCF_HUMAN.H11MO.0.A;MA1930.1.jaspar,yes,CTCF_HUMAN.H11MO.0.A;MA1930.1.jaspar,2,CTCF_HUMAN.H11MO.0.A;MA1930.1.jaspar
5yeg,MA1930.1.jaspar,CTCF_HUMAN.H11MO.0.A,,no,CTCF_HUMAN.H11MO.0.A;MA1930.1.jaspar,2,CTCF_HUMAN.H11MO.0.A;MA1930.1.jaspar
5yeh,MA1930.1.jaspar,CTCF_HUMAN.H11MO.0.A,,no,CTCF_HUMAN.H11MO.0.A;MA1930.1.jaspar,2,CTCF_HUMAN.H11MO.0.A;MA1930.1.jaspar
5yel,MA1930.1.jaspar,CTCF_HUMAN.H11MO.0.A,,no,CTCF_HUMAN.H11MO.0.A;MA1930.1.jaspar,2,CTCF_HUMAN.H11MO.0.A;MA1930.1.jaspar
5yj3,,ZBT48_HUMAN.H11MO.0.C,,no,,1,ZBT48_HUMAN.H11MO.0.C
5z2t,MA0468.1.jaspar,DUX4_HUMAN.H11MO.0.A,DUX4_HUMAN.H11MO.0.A,yes,DUX4_HUMAN.H11MO.0.A;MA0468.1.jaspar,2,DUX4_HUMAN.H11MO.0.A;MA0468.1.jaspar
5z6z,MA0468.1.jaspar,DUX4_HUMAN.H11MO.0.A,,no,DUX4_HUMAN.H11MO.0.A;MA0468.1.jaspar,2,DUX4_HUMAN.H11MO.0.A;MA0468.1.jaspar
5zd4,MA0550.2.jaspar,,,no,,1,MA0550.2.jaspar
5zfw,MA0468.1.jaspar,DUX4_HUMAN.H11MO.0.A,,no,DUX4_HUMAN.H11MO.0.A;MA0468.1.jaspar,2,DUX4_HUMAN.H11MO.0.A;MA0468.1.jaspar
5zfy,MA0468.1.jaspar,DUX4_HUMAN.H11MO.0.A,,no,DUX4_HUMAN.H11MO.0.A;MA0468.1.jaspar,2,DUX4_HUMAN.H11MO.0.A;MA0468.1.jaspar
5zfz,MA0468.1.jaspar,DUX4_HUMAN.H11MO.0.A,,no,DUX4_HUMAN.H11MO.0.A;MA0468.1.jaspar,2,DUX4_HUMAN.H11MO.0.A;MA0468.1.jaspar
5zjq,MA0165.1.jaspar;MA0222.1.jaspar,,,no,,2,MA0165.1.jaspar;MA0222.1.jaspar
5zjr,MA0165.1.jaspar;MA0222.1.jaspar,,,no,,2,MA0165.1.jaspar;MA0222.1.jaspar
5zjs,MA0165.1.jaspar;MA0222.1.jaspar,,,no,,2,MA0165.1.jaspar;MA0222.1.jaspar
5zjt,MA0165.1.jaspar;MA0222.1.jaspar,,,no,,2,MA0165.1.jaspar;MA0222.1.jaspar
5zk1,MA0018.4.jaspar,CREB1_HUMAN.H11MO.0.A,,no,,2,CREB1_HUMAN.H11MO.0.A;MA0018.4.jaspar
5zko,MA0018.4.jaspar,CREB1_HUMAN.H11MO.0.A,,no,,2,CREB1_HUMAN.H11MO.0.A;MA0018.4.jaspar
5zmc,MA0098.3.jaspar;MA0778.1.jaspar,ETS1_HUMAN.H11MO.0.A;NFKB2_HUMAN.H11MO.0.B,,no,ETS1_HUMAN.H11MO.0.A;MA0098.3.jaspar;MA0778.1.jaspar;NFKB2_HUMAN.H11MO.0.B;RUNX1_MOUSE.H11MO.0.A,4,ETS1_HUMAN.H11MO.0.A;MA0098.3.jaspar;MA0778.1.jaspar;NFKB2_HUMAN.H11MO.0.B
6a57,MA1415.1.jaspar,,,no,,1,MA1415.1.jaspar
6a8r,MA0468.1.jaspar,DUX4_HUMAN.H11MO.0.A,DUX4_HUMAN.H11MO.0.A,yes,DUX4_HUMAN.H11MO.0.A;MA0468.1.jaspar,2,DUX4_HUMAN.H11MO.0.A;MA0468.1.jaspar
6ako,MA0846.1.jaspar,,,no,,1,MA0846.1.jaspar
6akp,MA0846.1.jaspar,,,no,,1,MA0846.1.jaspar
6b0o,,WT1_HUMAN.H11MO.0.C,,no,WT1_HUMAN.H11MO.0.C,1,WT1_HUMAN.H11MO.0.C
6b0p,,WT1_HUMAN.H11MO.0.C,,no,WT1_HUMAN.H11MO.0.C,1,WT1_HUMAN.H11MO.0.C
6b0q,,WT1_HUMAN.H11MO.0.C,WT1_HUMAN.H11MO.0.C,yes,WT1_HUMAN.H11MO.0.C,1,WT1_HUMAN.H11MO.0.C
6b0r,,WT1_HUMAN.H11MO.0.C,,no,WT1_HUMAN.H11MO.0.C,1,WT1_HUMAN.H11MO.0.C
6blw,,WT1_HUMAN.H11MO.0.C,,no,WT1_HUMAN.H11MO.0.C,1,WT1_HUMAN.H11MO.0.C
6bqu,MA0113.3.jaspar,GCR_HUMAN.H11MO.0.A,,no,GCR_HUMAN.H11MO.0.A;MA0113.3.jaspar,2,GCR_HUMAN.H11MO.0.A;MA0113.3.jaspar
6byy,MA0052.4.jaspar;MA0660.1.jaspar,MEF2A_HUMAN.H11MO.0.A;MEF2B_HUMAN.H11MO.0.A,MA0660.1.jaspar;MEF2A_HUMAN.H11MO.0.A,yes,MA0052.4.jaspar;MA0660.1.jaspar;MEF2A_HUMAN.H11MO.0.A;MEF2B_HUMAN.H11MO.0.A,4,MA0052.4.jaspar;MA0660.1.jaspar;MEF2A_HUMAN.H11MO.0.A;MEF2B_HUMAN.H11MO.0.A
6bz1,MA0052.4.jaspar;MA0660.1.jaspar,MEF2A_HUMAN.H11MO.0.A;MEF2B_HUMAN.H11MO.0.A,,no,MA0052.4.jaspar;MA0660.1.jaspar;MEF2A_HUMAN.H11MO.0.A;MEF2B_HUMAN.H11MO.0.A,4,MA0052.4.jaspar;MA0660.1.jaspar;MEF2A_HUMAN.H11MO.0.A;MEF2B_HUMAN.H11MO.0.A
6c1a,,MBD2_HUMAN.H11MO.0.B,,no,,1,MBD2_HUMAN.H11MO.0.B
6c1t,,MBD2_HUMAN.H11MO.0.B,,no,,1,MBD2_HUMAN.H11MO.0.B
6c1u,,MBD2_HUMAN.H11MO.0.B,,no,,1,MBD2_HUMAN.H11MO.0.B
6c1v,,MBD2_HUMAN.H11MO.0.B,,no,,1,MBD2_HUMAN.H11MO.0.B
6c1y,,MECP2_HUMAN.H11MO.0.C,,no,,1,MECP2_HUMAN.H11MO.0.C
6c2f,,MBD2_HUMAN.H11MO.0.B,,no,,1,MBD2_HUMAN.H11MO.0.B
6cnb,MA0386.1.jaspar,,,no,MA0386.1.jaspar,1,MA0386.1.jaspar
6cnc,MA0386.1.jaspar,,,no,MA0386.1.jaspar,1,MA0386.1.jaspar
6cnd,MA0386.1.jaspar,,,no,MA0386.1.jaspar,1,MA0386.1.jaspar
6cnf,MA0386.1.jaspar,,,no,MA0386.1.jaspar,1,MA0386.1.jaspar
6cnp,,MBD2_HUMAN.H11MO.0.B,,no,,1,MBD2_HUMAN.H11MO.0.B
6cnq,,MBD2_HUMAN.H11MO.0.B,,no,,1,MBD2_HUMAN.H11MO.0.B
6df5,MA0527.1.jaspar,KAISO_HUMAN.H11MO.0.A,,no,KAISO_HUMAN.H11MO.0.A;MA0527.1.jaspar,2,KAISO_HUMAN.H11MO.0.A;MA0527.1.jaspar
6df8,MA0527.1.jaspar,KAISO_HUMAN.H11MO.0.A,,no,KAISO_HUMAN.H11MO.0.A;MA0527.1.jaspar,2,KAISO_HUMAN.H11MO.0.A;MA0527.1.jaspar
6df9,MA0527.1.jaspar,KAISO_HUMAN.H11MO.0.A,,no,KAISO_HUMAN.H11MO.0.A;MA0527.1.jaspar,2,KAISO_HUMAN.H11MO.0.A;MA0527.1.jaspar
6dfa,MA0527.1.jaspar,KAISO_HUMAN.H11MO.0.A,,no,KAISO_HUMAN.H11MO.0.A;MA0527.1.jaspar,2,KAISO_HUMAN.H11MO.0.A;MA0527.1.jaspar
6dfb,MA0527.1.jaspar,KAISO_HUMAN.H11MO.0.A,,no,KAISO_HUMAN.H11MO.0.A;MA0527.1.jaspar,2,KAISO_HUMAN.H11MO.0.A;MA0527.1.jaspar
6dfc,MA0527.1.jaspar,KAISO_HUMAN.H11MO.0.A,MA0527.1.jaspar,yes,KAISO_HUMAN.H11MO.0.A;MA0527.1.jaspar,2,KAISO_HUMAN.H11MO.0.A;MA0527.1.jaspar
6dfy,MA0468.1.jaspar,DUX4_HUMAN.H11MO.0.A,DUX4_HUMAN.H11MO.0.A;MA0468.1.jaspar,yes,DUX4_HUMAN.H11MO.0.A;MA0468.1.jaspar,2,DUX4_HUMAN.H11MO.0.A;MA0468.1.jaspar
6dks,,SUH_MOUSE.H11MO.0.A,SUH_MOUSE.H11MO.0.A,yes,MA1116.1.jaspar;SUH_MOUSE.H11MO.0.A,1,SUH_MOUSE.H11MO.0.A
6e8c,MA0468.1.jaspar,DUX4_HUMAN.H11MO.0.A,,no,DUX4_HUMAN.H11MO.0.A;MA0468.1.jaspar,2,DUX4_HUMAN.H11MO.0.A;MA0468.1.jaspar
6edb,MA0084.1.jaspar,SRY_HUMAN.H11MO.0.B,,no,,2,MA0084.1.jaspar;SRY_HUMAN.H11MO.0.B
6es2,MA0465.2.jaspar,CDX2_HUMAN.H11MO.0.A,,no,CDX2_HUMAN.H11MO.0.A;MA0465.2.jaspar,2,CDX2_HUMAN.H11MO.0.A;MA0465.2.jaspar
6es3,MA0465.2.jaspar,CDX2_HUMAN.H11MO.0.A,,no,CDX2_HUMAN.H11MO.0.A;MA0465.2.jaspar,2,CDX2_HUMAN.H11MO.0.A;MA0465.2.jaspar
6eu0,MA0386.1.jaspar,,,no,MA0386.1.jaspar,1,MA0386.1.jaspar
6f40,MA0386.1.jaspar,,,no,MA0386.1.jaspar,1,MA0386.1.jaspar
6f41,MA0386.1.jaspar,,,no,MA0386.1.jaspar,1,MA0386.1.jaspar
6f42,MA0386.1.jaspar,,,no,MA0386.1.jaspar,1,MA0386.1.jaspar
6f44,MA0386.1.jaspar,,,no,MA0386.1.jaspar,1,MA0386.1.jaspar
6f58,MA0009.2.jaspar,BRAC_HUMAN.H11MO.0.A,,no,,2,BRAC_HUMAN.H11MO.0.A;MA0009.2.jaspar
6f59,MA0009.2.jaspar,BRAC_HUMAN.H11MO.0.A,,no,,2,BRAC_HUMAN.H11MO.0.A;MA0009.2.jaspar
6fbq,MA0065.1.jaspar;MA0074.1.jaspar;MA0115.1.jaspar;MA0159.1.jaspar,RXRA_HUMAN.H11MO.0.A,MA0065.1.jaspar,yes,MA0065.1.jaspar;MA0115.1.jaspar;RXRA_HUMAN.H11MO.0.A,5,MA0065.1.jaspar;MA0074.1.jaspar;MA0115.1.jaspar;MA0159.1.jaspar;RXRA_HUMAN.H11MO.0.A
6fbr,MA0065.1.jaspar;MA0074.1.jaspar;MA0115.1.jaspar;MA0159.1.jaspar,RXRA_HUMAN.H11MO.0.A,RXRA_HUMAN.H11MO.0.A,yes,MA0065.1.jaspar;MA0115.1.jaspar;RXRA_HUMAN.H11MO.0.A,5,MA0065.1.jaspar;MA0074.1.jaspar;MA0115.1.jaspar;MA0159.1.jaspar;RXRA_HUMAN.H11MO.0.A
6fj5,MA0106.3.jaspar,P53_HUMAN.H11MO.0.A,P53_HUMAN.H11MO.0.A,yes,MA0106.3.jaspar;P53_HUMAN.H11MO.0.A,2,MA0106.3.jaspar;P53_HUMAN.H11MO.0.A
6fqp,MA0796.1.jaspar,TGIF1_HUMAN.H11MO.0.A,,no,,2,MA0796.1.jaspar;TGIF1_HUMAN.H11MO.0.A
6fqq,MA0796.1.jaspar,TGIF1_HUMAN.H11MO.0.A,,no,,2,MA0796.1.jaspar;TGIF1_HUMAN.H11MO.0.A
6fzs,MA1557.1.jaspar,,,no,,1,MA1557.1.jaspar
6g1l,MA0620.1.jaspar,MITF_MOUSE.H11MO.0.A,,no,,2,MA0620.1.jaspar;MITF_MOUSE.H11MO.0.A
6gyk,MA0386.1.jaspar,,,no,MA0386.1.jaspar,1,MA0386.1.jaspar
6gyl,MA0386.1.jaspar,,,no,MA0386.1.jaspar,1,MA0386.1.jaspar
6gym,MA0386.1.jaspar,,,no,MA0386.1.jaspar,1,MA0386.1.jaspar
6gys,MA0282.1.jaspar,,,no,,1,MA0282.1.jaspar
6ht5,MA0142.1.jaspar;MA0143.3.jaspar,PO5F1_MOUSE.H11MO.0.A;SOX2_MOUSE.H11MO.0.A,,no,,4,MA0142.1.jaspar;MA0143.3.jaspar;PO5F1_MOUSE.H11MO.0.A;SOX2_MOUSE.H11MO.0.A
6j4e,MA0589.1.jaspar,,,no,,1,MA0589.1.jaspar
6j4f,MA1078.1.jaspar,,,no,,1,MA1078.1.jaspar
6j4g,MA1301.1.jaspar,,,no,,1,MA1301.1.jaspar
6j9b,MA0565.2.jaspar,,,no,,1,MA0565.2.jaspar
6j9c,MA0581.1.jaspar,,,no,,1,MA0581.1.jaspar
6jnl,MA1415.1.jaspar,,,no,,1,MA1415.1.jaspar
6jnm,MA1415.1.jaspar,,,no,,1,MA1415.1.jaspar
6jnn,MA1415.1.jaspar,,,no,,1,MA1415.1.jaspar
6ki6,,BC11A_HUMAN.H11MO.0.A,,no,,1,BC11A_HUMAN.H11MO.0.A
6kw3,MA0374.1.jaspar;MA0375.1.jaspar,,,no,,2,MA0374.1.jaspar;MA0375.1.jaspar
6kw4,MA0374.1.jaspar;MA0375.1.jaspar,,,no,,2,MA0374.1.jaspar;MA0375.1.jaspar
6kw5,MA0374.1.jaspar;MA0375.1.jaspar,,,no,,2,MA0374.1.jaspar;MA0375.1.jaspar
6l6l,MA0160.2.jaspar,NR4A2_HUMAN.H11MO.0.C,,no,,2,MA0160.2.jaspar;NR4A2_HUMAN.H11MO.0.C
6l6q,MA0160.2.jaspar,NR4A2_HUMAN.H11MO.0.C,,no,,2,MA0160.2.jaspar;NR4A2_HUMAN.H11MO.0.C
6l6y,MA0078.1.jaspar,,,no,,1,MA0078.1.jaspar
6lbi,,FOXO1_HUMAN.H11MO.0.A,FOXO1_HUMAN.H11MO.0.A,yes,FOXO1_HUMAN.H11MO.0.A,1,FOXO1_HUMAN.H11MO.0.A
6lbm,MA0846.1.jaspar,,,no,,1,MA0846.1.jaspar
6lc1,MA1112.2.jaspar,NR4A1_HUMAN.H11MO.0.A,,no,,2,MA1112.2.jaspar;NR4A1_HUMAN.H11MO.0.A
6ldm,MA0359.2.jaspar,,,no,,1,MA0359.2.jaspar
6lmr,UN0139.1.jaspar,,,no,,1,UN0139.1.jaspar
6m3d,MA0220.1.jaspar,,,no,,1,MA0220.1.jaspar
6mg2,MA0466.3.jaspar,CEBPB_HUMAN.H11MO.0.A,CEBPB_HUMAN.H11MO.0.A,yes,CEBPB_HUMAN.H11MO.0.A;MA0466.3.jaspar;RUNX1_MOUSE.H11MO.0.A,2,CEBPB_HUMAN.H11MO.0.A;MA0466.3.jaspar
6mg3,MA0466.3.jaspar,CEBPB_HUMAN.H11MO.0.A,CEBPB_HUMAN.H11MO.0.A,yes,CEBPB_HUMAN.H11MO.0.A;MA0466.3.jaspar;RUNX1_MOUSE.H11MO.0.A,2,CEBPB_HUMAN.H11MO.0.A;MA0466.3.jaspar
6mzm,,TAF1_HUMAN.H11MO.0.A;TBP_HUMAN.H11MO.0.A,,no,MA0386.1.jaspar,2,TAF1_HUMAN.H11MO.0.A;TBP_HUMAN.H11MO.0.A
6nce,MA1489.1.jaspar,,,no,,1,MA1489.1.jaspar
6ncm,MA1489.1.jaspar,,,no,,1,MA1489.1.jaspar
6ne3,,SMCA5_HUMAN.H11MO.0.C,,no,,1,SMCA5_HUMAN.H11MO.0.C
6o3t,MA0846.1.jaspar,,,no,,1,MA0846.1.jaspar
6o9l,,TBP_HUMAN.H11MO.0.A,,no,MA0386.1.jaspar,1,TBP_HUMAN.H11MO.0.A
6od3,MA0830.2.jaspar,ITF2_HUMAN.H11MO.0.C,ITF2_HUMAN.H11MO.0.C;MA0830.2.jaspar,yes,ITF2_HUMAN.H11MO.0.C;MA0830.2.jaspar,2,ITF2_HUMAN.H11MO.0.C;MA0830.2.jaspar
6od4,MA0830.2.jaspar,ITF2_HUMAN.H11MO.0.C,,no,ITF2_HUMAN.H11MO.0.C;MA0830.2.jaspar,2,ITF2_HUMAN.H11MO.0.C;MA0830.2.jaspar
6od5,MA0830.2.jaspar,ITF2_HUMAN.H11MO.0.C,,no,ITF2_HUMAN.H11MO.0.C;MA0830.2.jaspar,2,ITF2_HUMAN.H11MO.0.C;MA0830.2.jaspar
6ogj,,MECP2_HUMAN.H11MO.0.C,,no,,1,MECP2_HUMAN.H11MO.0.C
6ogk,,MECP2_HUMAN.H11MO.0.C,,no,,1,MECP2_HUMAN.H11MO.0.C
6pax,MA0069.1.jaspar,PAX6_HUMAN.H11MO.0.C,,no,,2,MA0069.1.jaspar;PAX6_HUMAN.H11MO.0.C
6py8,MA1116.1.jaspar,SUH_HUMAN.H11MO.0.A,,no,MA1116.1.jaspar;SUH_MOUSE.H11MO.0.A,2,MA1116.1.jaspar;SUH_HUMAN.H11MO.0.A
6qhd,MA0144.2.jaspar,STAT3_HUMAN.H11MO.0.A,,no,,2,MA0144.2.jaspar;STAT3_HUMAN.H11MO.0.A
6t7b,MA0143.4.jaspar;MA1962.1.jaspar,SOX2_HUMAN.H11MO.0.A,,no,,3,MA0143.4.jaspar;MA1962.1.jaspar;SOX2_HUMAN.H11MO.0.A
6t90,MA0143.4.jaspar;MA1115.1.jaspar;MA1962.1.jaspar,PO5F1_HUMAN.H11MO.0.A;SOX2_HUMAN.H11MO.0.A,,no,,5,MA0143.4.jaspar;MA1115.1.jaspar;MA1962.1.jaspar;PO5F1_HUMAN.H11MO.0.A;SOX2_HUMAN.H11MO.0.A
6tce,MA1557.1.jaspar,,,no,,1,MA1557.1.jaspar
6u81,MA0468.1.jaspar,DUX4_HUMAN.H11MO.0.A,DUX4_HUMAN.H11MO.0.A,yes,DUX4_HUMAN.H11MO.0.A;MA0468.1.jaspar,2,DUX4_HUMAN.H11MO.0.A;MA0468.1.jaspar
6u82,MA0468.1.jaspar,DUX4_HUMAN.H11MO.0.A,,no,DUX4_HUMAN.H11MO.0.A;MA0468.1.jaspar,2,DUX4_HUMAN.H11MO.0.A;MA0468.1.jaspar
6u9q,,BC11A_HUMAN.H11MO.0.A,,no,,1,BC11A_HUMAN.H11MO.0.A
6v8u,MA0527.1.jaspar,KAISO_HUMAN.H11MO.0.A,,no,KAISO_HUMAN.H11MO.0.A;MA0527.1.jaspar,2,KAISO_HUMAN.H11MO.0.A;MA0527.1.jaspar
6v92,MA0374.1.jaspar;MA0375.1.jaspar,,,no,,2,MA0374.1.jaspar;MA0375.1.jaspar
6vg2,MA0475.2.jaspar,FLI1_HUMAN.H11MO.0.A,FLI1_HUMAN.H11MO.0.A,yes,ERG_HUMAN.H11MO.0.A;FLI1_HUMAN.H11MO.0.A,2,FLI1_HUMAN.H11MO.0.A;MA0475.2.jaspar
6vg8,MA0475.2.jaspar;MA0511.2.jaspar,FLI1_HUMAN.H11MO.0.A;RUNX2_HUMAN.H11MO.0.A,FLI1_HUMAN.H11MO.0.A,yes,ERG_HUMAN.H11MO.0.A;ETS1_HUMAN.H11MO.0.A;FLI1_HUMAN.H11MO.0.A;MA0098.3.jaspar;RUNX1_MOUSE.H11MO.0.A,4,FLI1_HUMAN.H11MO.0.A;MA0475.2.jaspar;MA0511.2.jaspar;RUNX2_HUMAN.H11MO.0.A
6vgd,MA0475.2.jaspar;MA0511.2.jaspar,FLI1_HUMAN.H11MO.0.A;PEBB_HUMAN.H11MO.0.C;RUNX2_HUMAN.H11MO.0.A,,no,ERG_HUMAN.H11MO.0.A;ETS1_HUMAN.H11MO.0.A;FLI1_HUMAN.H11MO.0.A;MA0098.3.jaspar;RUNX1_MOUSE.H11MO.0.A,5,FLI1_HUMAN.H11MO.0.A;MA0475.2.jaspar;MA0511.2.jaspar;PEBB_HUMAN.H11MO.0.C;RUNX2_HUMAN.H11MO.0.A
6vge,MA0474.2.jaspar;MA0511.2.jaspar,ERG_HUMAN.H11MO.0.A;PEBB_HUMAN.H11MO.0.C;RUNX2_HUMAN.H11MO.0.A,ERG_HUMAN.H11MO.0.A,yes,ERG_HUMAN.H11MO.0.A;ETS1_HUMAN.H11MO.0.A;FLI1_HUMAN.H11MO.0.A;MA0098.3.jaspar;RUNX1_MOUSE.H11MO.0.A,5,ERG_HUMAN.H11MO.0.A;MA0474.2.jaspar;MA0511.2.jaspar;PEBB_HUMAN.H11MO.0.C;RUNX2_HUMAN.H11MO.0.A
6vgg,MA0474.2.jaspar;MA0511.2.jaspar,ERG_HUMAN.H11MO.0.A;PEBB_HUMAN.H11MO.0.C;RUNX2_HUMAN.H11MO.0.A,ERG_HUMAN.H11MO.0.A,yes,ERG_HUMAN.H11MO.0.A;ETS1_HUMAN.H11MO.0.A;FLI1_HUMAN.H11MO.0.A;MA0098.3.jaspar;RUNX1_MOUSE.H11MO.0.A,5,ERG_HUMAN.H11MO.0.A;MA0474.2.jaspar;MA0511.2.jaspar;PEBB_HUMAN.H11MO.0.C;RUNX2_HUMAN.H11MO.0.A
6vtx,MA0039.4.jaspar,KLF4_HUMAN.H11MO.0.A,,no,KLF4_MOUSE.H11MO.0.A;MA0039.2.jaspar,2,KLF4_HUMAN.H11MO.0.A;MA0039.4.jaspar
6wc2,MA0052.4.jaspar;MA0063.2.jaspar;MA0660.1.jaspar,MEF2A_HUMAN.H11MO.0.A;MEF2B_HUMAN.H11MO.0.A;NKX25_HUMAN.H11MO.0.B,,no,MA0052.4.jaspar;MA0660.1.jaspar;MEF2A_HUMAN.H11MO.0.A;MEF2B_HUMAN.H11MO.0.A,6,MA0052.4.jaspar;MA0063.2.jaspar;MA0660.1.jaspar;MEF2A_HUMAN.H11MO.0.A;MEF2B_HUMAN.H11MO.0.A;NKX25_HUMAN.H11MO.0.B
6wc5,MA0063.2.jaspar;MA0660.1.jaspar,MEF2B_HUMAN.H11MO.0.A;NKX25_HUMAN.H11MO.0.B,,no,MA0660.1.jaspar;MEF2A_HUMAN.H11MO.0.A;MEF2B_HUMAN.H11MO.0.A,4,MA0063.2.jaspar;MA0660.1.jaspar;MEF2B_HUMAN.H11MO.0.A;NKX25_HUMAN.H11MO.0.B
6wmi,MA0752.1.jaspar,,,no,,1,MA0752.1.jaspar
6wqu,,SUH_MOUSE.H11MO.0.A,SUH_MOUSE.H11MO.0.A,yes,MA1116.1.jaspar;SUH_MOUSE.H11MO.0.A,1,SUH_MOUSE.H11MO.0.A
6x6d,MA0113.3.jaspar,GCR_HUMAN.H11MO.0.A,,no,GCR_HUMAN.H11MO.0.A;MA0113.3.jaspar,2,GCR_HUMAN.H11MO.0.A;MA0113.3.jaspar
6x6e,MA0113.3.jaspar,GCR_HUMAN.H11MO.0.A,GCR_HUMAN.H11MO.0.A;MA0113.3.jaspar,yes,GCR_HUMAN.H11MO.0.A;MA0113.3.jaspar,2,GCR_HUMAN.H11MO.0.A;MA0113.3.jaspar
6xwg,MA0065.1.jaspar;MA0074.1.jaspar;MA0115.1.jaspar;MA0159.1.jaspar;MA0730.1.jaspar,RARA_HUMAN.H11MO.0.A;RXRA_HUMAN.H11MO.0.A,,no,MA0065.1.jaspar;MA0115.1.jaspar;RXRA_HUMAN.H11MO.0.A,7,MA0065.1.jaspar;MA0074.1.jaspar;MA0115.1.jaspar;MA0159.1.jaspar;MA0730.1.jaspar;RARA_HUMAN.H11MO.0.A;RXRA_HUMAN.H11MO.0.A
6xwh,MA0065.1.jaspar;MA0074.1.jaspar;MA0115.1.jaspar;MA0159.1.jaspar,RXRA_HUMAN.H11MO.0.A,,no,MA0065.1.jaspar;MA0115.1.jaspar;RXRA_HUMAN.H11MO.0.A,5,MA0065.1.jaspar;MA0074.1.jaspar;MA0115.1.jaspar;MA0159.1.jaspar;RXRA_HUMAN.H11MO.0.A
6ycq,MA0942.1.jaspar,,,no,,1,MA0942.1.jaspar
6yov,MA0143.4.jaspar;MA1115.1.jaspar;MA1962.1.jaspar,PO5F1_HUMAN.H11MO.0.A;SOX2_HUMAN.H11MO.0.A,,no,,5,MA0143.4.jaspar;MA1115.1.jaspar;MA1962.1.jaspar;PO5F1_HUMAN.H11MO.0.A;SOX2_HUMAN.H11MO.0.A
6yww,,MECP2_HUMAN.H11MO.0.C,,no,,1,MECP2_HUMAN.H11MO.0.C
6zmn,MA0795.1.jaspar,SMAD3_HUMAN.H11MO.0.B,,no,,2,MA0795.1.jaspar;SMAD3_HUMAN.H11MO.0.B
6znc,MA0106.3.jaspar,P53_HUMAN.H11MO.0.A,,no,MA0106.3.jaspar;P53_HUMAN.H11MO.0.A,2,MA0106.3.jaspar;P53_HUMAN.H11MO.0.A
7b46,MA0106.3.jaspar,P53_HUMAN.H11MO.0.A,,no,MA0106.3.jaspar;P53_HUMAN.H11MO.0.A,2,MA0106.3.jaspar;P53_HUMAN.H11MO.0.A
7b49,MA0106.3.jaspar,P53_HUMAN.H11MO.0.A,,no,MA0106.3.jaspar;P53_HUMAN.H11MO.0.A,2,MA0106.3.jaspar;P53_HUMAN.H11MO.0.A
7b4a,MA0106.3.jaspar,P53_HUMAN.H11MO.0.A,,no,MA0106.3.jaspar;P53_HUMAN.H11MO.0.A,2,MA0106.3.jaspar;P53_HUMAN.H11MO.0.A
7b4d,MA0106.3.jaspar,P53_HUMAN.H11MO.0.A,,no,MA0106.3.jaspar;P53_HUMAN.H11MO.0.A,2,MA0106.3.jaspar;P53_HUMAN.H11MO.0.A
7b4e,MA0106.3.jaspar,P53_HUMAN.H11MO.0.A,,no,MA0106.3.jaspar;P53_HUMAN.H11MO.0.A,2,MA0106.3.jaspar;P53_HUMAN.H11MO.0.A
7b4f,MA0106.3.jaspar,P53_HUMAN.H11MO.0.A,,no,MA0106.3.jaspar;P53_HUMAN.H11MO.0.A,2,MA0106.3.jaspar;P53_HUMAN.H11MO.0.A
7b4g,MA0106.3.jaspar,P53_HUMAN.H11MO.0.A,,no,MA0106.3.jaspar;P53_HUMAN.H11MO.0.A,2,MA0106.3.jaspar;P53_HUMAN.H11MO.0.A
7b4h,MA0106.3.jaspar,P53_HUMAN.H11MO.0.A,,no,MA0106.3.jaspar;P53_HUMAN.H11MO.0.A,2,MA0106.3.jaspar;P53_HUMAN.H11MO.0.A
7b4n,MA0106.3.jaspar,P53_HUMAN.H11MO.0.A,,no,MA0106.3.jaspar;P53_HUMAN.H11MO.0.A,2,MA0106.3.jaspar;P53_HUMAN.H11MO.0.A
7cby,MA0613.1.jaspar,,,no,,1,MA0613.1.jaspar
7cli,MA0778.1.jaspar,NFKB2_HUMAN.H11MO.0.B,MA0778.1.jaspar;NFKB2_HUMAN.H11MO.0.B,yes,MA0778.1.jaspar;NFKB2_HUMAN.H11MO.0.B,2,MA0778.1.jaspar;NFKB2_HUMAN.H11MO.0.B
7d8t,MA0620.3.jaspar,MITF_HUMAN.H11MO.0.A,,no,,2,MA0620.3.jaspar;MITF_HUMAN.H11MO.0.A
7dci,MA0770.1.jaspar,HSF2_HUMAN.H11MO.0.A,,no,,2,HSF2_HUMAN.H11MO.0.A;MA0770.1.jaspar
7dcj,MA0486.2.jaspar,HSF1_HUMAN.H11MO.0.A,HSF1_HUMAN.H11MO.0.A;MA0486.2.jaspar,yes,HSF1_HUMAN.H11MO.0.A;MA0486.2.jaspar,2,HSF1_HUMAN.H11MO.0.A;MA0486.2.jaspar
7dcs,MA0486.2.jaspar,HSF1_HUMAN.H11MO.0.A,,no,HSF1_HUMAN.H11MO.0.A;MA0486.2.jaspar,2,HSF1_HUMAN.H11MO.0.A;MA0486.2.jaspar
7dct,MA0486.2.jaspar,HSF1_HUMAN.H11MO.0.A,,no,HSF1_HUMAN.H11MO.0.A;MA0486.2.jaspar,2,HSF1_HUMAN.H11MO.0.A;MA0486.2.jaspar
7dcu,MA0770.1.jaspar,HSF2_HUMAN.H11MO.0.A,,no,,2,HSF2_HUMAN.H11MO.0.A;MA0770.1.jaspar
7eds,MA0106.3.jaspar,P53_HUMAN.H11MO.0.A,,no,MA0106.3.jaspar;P53_HUMAN.H11MO.0.A,2,MA0106.3.jaspar;P53_HUMAN.H11MO.0.A
7edx,,TAF1_HUMAN.H11MO.0.A;TBP_HUMAN.H11MO.0.A,,no,MA0386.1.jaspar,2,TAF1_HUMAN.H11MO.0.A;TBP_HUMAN.H11MO.0.A
7eeu,MA0106.3.jaspar,P53_HUMAN.H11MO.0.A,,no,MA0106.3.jaspar;P53_HUMAN.H11MO.0.A,2,MA0106.3.jaspar;P53_HUMAN.H11MO.0.A
7eg7,,TAF1_HUMAN.H11MO.0.A;TBP_HUMAN.H11MO.0.A,,no,MA0386.1.jaspar,2,TAF1_HUMAN.H11MO.0.A;TBP_HUMAN.H11MO.0.A
7eg8,,TAF1_HUMAN.H11MO.0.A;TBP_HUMAN.H11MO.0.A,,no,MA0386.1.jaspar,2,TAF1_HUMAN.H11MO.0.A;TBP_HUMAN.H11MO.0.A
7eg9,,TAF1_HUMAN.H11MO.0.A;TBP_HUMAN.H11MO.0.A,,no,MA0386.1.jaspar,2,TAF1_HUMAN.H11MO.0.A;TBP_HUMAN.H11MO.0.A
7ega,,TAF1_HUMAN.H11MO.0.A;TBP_HUMAN.H11MO.0.A,,no,MA0386.1.jaspar,2,TAF1_HUMAN.H11MO.0.A;TBP_HUMAN.H11MO.0.A
7egb,,TAF1_HUMAN.H11MO.0.A;TBP_HUMAN.H11MO.0.A,,no,MA0386.1.jaspar,2,TAF1_HUMAN.H11MO.0.A;TBP_HUMAN.H11MO.0.A
7egc,,TAF1_HUMAN.H11MO.0.A;TBP_HUMAN.H11MO.0.A,,no,MA0386.1.jaspar,2,TAF1_HUMAN.H11MO.0.A;TBP_HUMAN.H11MO.0.A
7egd,,TAF1_HUMAN.H11MO.0.A;TBP_HUMAN.H11MO.0.A,,no,MA0386.1.jaspar,2,TAF1_HUMAN.H11MO.0.A;TBP_HUMAN.H11MO.0.A
7egh,,TAF1_HUMAN.H11MO.0.A,,no,,1,TAF1_HUMAN.H11MO.0.A
7egj,,TAF1_HUMAN.H11MO.0.A;TBP_HUMAN.H11MO.0.A,,no,MA0386.1.jaspar,2,TAF1_HUMAN.H11MO.0.A;TBP_HUMAN.H11MO.0.A
7ena,,TAF1_HUMAN.H11MO.0.A;TBP_HUMAN.H11MO.0.A,,no,MA0386.1.jaspar,2,TAF1_HUMAN.H11MO.0.A;TBP_HUMAN.H11MO.0.A
7enc,,TAF1_HUMAN.H11MO.0.A;TBP_HUMAN.H11MO.0.A,,no,MA0386.1.jaspar,2,TAF1_HUMAN.H11MO.0.A;TBP_HUMAN.H11MO.0.A
7eyi,MA0750.2.jaspar,ZBT7A_HUMAN.H11MO.0.A,,no,,2,MA0750.2.jaspar;ZBT7A_HUMAN.H11MO.0.A
7ezj,MA0861.1.jaspar,P73_HUMAN.H11MO.0.A,,no,MA0106.3.jaspar;P53_HUMAN.H11MO.0.A,2,MA0861.1.jaspar;P73_HUMAN.H11MO.0.A
7fj2,,FOXM1_HUMAN.H11MO.0.A,,no,,1,FOXM1_HUMAN.H11MO.0.A
7jm4,MA1419.1.jaspar,IRF4_HUMAN.H11MO.0.A,MA1419.1.jaspar,yes,MA1419.1.jaspar,2,IRF4_HUMAN.H11MO.0.A;MA1419.1.jaspar
7jsa,MA0760.1.jaspar,,,no,,1,MA0760.1.jaspar
7jsl,MA0760.1.jaspar,,,no,,1,MA0760.1.jaspar
7k7g,MA0282.1.jaspar,,,no,,1,MA0282.1.jaspar
7l4v,MA0466.3.jaspar,CEBPB_HUMAN.H11MO.0.A,,no,CEBPB_HUMAN.H11MO.0.A;MA0466.3.jaspar;RUNX1_MOUSE.H11MO.0.A,2,CEBPB_HUMAN.H11MO.0.A;MA0466.3.jaspar
7lbm,,TBP_HUMAN.H11MO.0.A,,no,MA0386.1.jaspar,1,TBP_HUMAN.H11MO.0.A
7ml0,MA0386.1.jaspar,,,no,MA0386.1.jaspar,1,MA0386.1.jaspar
7ml1,MA0386.1.jaspar,,,no,MA0386.1.jaspar,1,MA0386.1.jaspar
7ml2,MA0386.1.jaspar,,,no,MA0386.1.jaspar,1,MA0386.1.jaspar
7ml4,MA0386.1.jaspar,,,no,MA0386.1.jaspar,1,MA0386.1.jaspar
7mwk,,MBD2_HUMAN.H11MO.0.B,,no,,1,MBD2_HUMAN.H11MO.0.B
7mwm,,MBD2_HUMAN.H11MO.0.B,,no,,1,MBD2_HUMAN.H11MO.0.B
7n5s,MA0750.2.jaspar,ZBT7A_HUMAN.H11MO.0.A,,no,,2,MA0750.2.jaspar;ZBT7A_HUMAN.H11MO.0.A
7n5t,MA0750.2.jaspar,ZBT7A_HUMAN.H11MO.0.A,,no,,2,MA0750.2.jaspar;ZBT7A_HUMAN.H11MO.0.A
7n5u,MA0750.2.jaspar,ZBT7A_HUMAN.H11MO.0.A,,no,,2,MA0750.2.jaspar;ZBT7A_HUMAN.H11MO.0.A
7n5v,MA0750.2.jaspar,ZBT7A_HUMAN.H11MO.0.A,,no,,2,MA0750.2.jaspar;ZBT7A_HUMAN.H11MO.0.A
7n5w,MA0750.2.jaspar,ZBT7A_HUMAN.H11MO.0.A,,no,,2,MA0750.2.jaspar;ZBT7A_HUMAN.H11MO.0.A
7nvr,,TBP_HUMAN.H11MO.0.A,,no,MA0386.1.jaspar,1,TBP_HUMAN.H11MO.0.A
7nvs,,TBP_HUMAN.H11MO.0.A,,no,MA0386.1.jaspar,1,TBP_HUMAN.H11MO.0.A
7nvt,,TBP_HUMAN.H11MO.0.A,,no,MA0386.1.jaspar,1,TBP_HUMAN.H11MO.0.A
7nvu,,TBP_HUMAN.H11MO.0.A,,no,MA0386.1.jaspar,1,TBP_HUMAN.H11MO.0.A
7nvy,,TBP_HUMAN.H11MO.0.A,,no,MA0386.1.jaspar,1,TBP_HUMAN.H11MO.0.A
7nvz,,TBP_HUMAN.H11MO.0.A,,no,MA0386.1.jaspar,1,TBP_HUMAN.H11MO.0.A
7nw0,,TBP_HUMAN.H11MO.0.A,,no,MA0386.1.jaspar,1,TBP_HUMAN.H11MO.0.A
7o4i,MA0386.1.jaspar,,,no,MA0386.1.jaspar,1,MA0386.1.jaspar
7o4j,MA0386.1.jaspar,,,no,MA0386.1.jaspar,1,MA0386.1.jaspar
7o56,MA1419.1.jaspar,IRF4_HUMAN.H11MO.0.A,,no,MA1419.1.jaspar,2,IRF4_HUMAN.H11MO.0.A;MA1419.1.jaspar
7o72,MA0386.1.jaspar,,,no,MA0386.1.jaspar,1,MA0386.1.jaspar
7o73,MA0386.1.jaspar,,,no,MA0386.1.jaspar,1,MA0386.1.jaspar
7o75,MA0386.1.jaspar,,,no,MA0386.1.jaspar,1,MA0386.1.jaspar
7ogs,MA1419.1.jaspar,IRF4_HUMAN.H11MO.0.A,,no,MA1419.1.jaspar,2,IRF4_HUMAN.H11MO.0.A;MA1419.1.jaspar
7oh9,MA0386.1.jaspar,,MA0386.1.jaspar,yes,MA0386.1.jaspar,1,MA0386.1.jaspar
7oha,MA0386.1.jaspar,,,no,MA0386.1.jaspar,1,MA0386.1.jaspar
7ohb,MA0386.1.jaspar,,,no,MA0386.1.jaspar,1,MA0386.1.jaspar
7oot,MA1419.1.jaspar,IRF4_HUMAN.H11MO.0.A,,no,MA1419.1.jaspar,2,IRF4_HUMAN.H11MO.0.A;MA1419.1.jaspar
7q5b,MA0386.1.jaspar,,,no,MA0386.1.jaspar,1,MA0386.1.jaspar
7ray,,MBD2_HUMAN.H11MO.0.B,,no,,1,MBD2_HUMAN.H11MO.0.B
7vup,MA0778.1.jaspar,NFKB2_HUMAN.H11MO.0.B,,no,MA0778.1.jaspar;NFKB2_HUMAN.H11MO.0.B,2,MA0778.1.jaspar;NFKB2_HUMAN.H11MO.0.B
7vuq,MA0778.1.jaspar,NFKB2_HUMAN.H11MO.0.B,NFKB2_HUMAN.H11MO.0.B,yes,MA0778.1.jaspar;NFKB2_HUMAN.H11MO.0.B,2,MA0778.1.jaspar;NFKB2_HUMAN.H11MO.0.B
7w7l,MA0778.1.jaspar,NFKB2_HUMAN.H11MO.0.B,,no,MA0778.1.jaspar;NFKB2_HUMAN.H11MO.0.B,2,MA0778.1.jaspar;NFKB2_HUMAN.H11MO.0.B
7z0o,MA0386.1.jaspar,,,no,MA0386.1.jaspar,1,MA0386.1.jaspar
9ant,MA0166.1.jaspar,,,no,,1,MA0166.1.jaspar
